Time,NO2 (ppb),O3 (ppb),PM2.5 (µg/m³),TEMP (°C),RH (%),DP (°C),Inlet,Journal category,Created by,Details
4/1/2020 0:00,21,11.1,4.1,15.67,59,7.7,Sample,,,
4/1/2020 0:01,21.6,10.3,4.2,15.69,59,7.7,Sample,,,
4/1/2020 0:02,24.5,7.8,4.9,15.66,58.7,7.6,Sample,,,
4/1/2020 0:03,25.2,8.4,4.5,15.68,58.1,7.5,Sample,,,
4/1/2020 0:04,23.7,10.4,4,15.61,58.1,7.4,Sample,,,
4/1/2020 0:05,23.2,11.2,4.1,15.59,57.8,7.3,Sample,,,
4/1/2020 0:06,23.6,11.4,4,15.48,58,7.3,Sample,,,
4/1/2020 0:07,23.9,11.6,4.1,15.4,58.3,7.3,Sample,,,
4/1/2020 0:08,24.3,11.8,3.9,15.38,58.9,7.4,Sample,,,
4/1/2020 0:09,24.9,11.4,4,15.3,59,7.3,Sample,,,
4/1/2020 0:10,27.2,8.8,4,15.3,59.1,7.4,Sample,,,
4/1/2020 0:11,26.9,8.8,3.9,15.29,58.9,7.3,Sample,,,
4/1/2020 0:12,23.7,11.6,3.8,15.3,59.4,7.4,Sample,,,
4/1/2020 0:13,24.2,10.8,3.8,15.3,60,7.6,Sample,,,
4/1/2020 0:14,23.2,11.5,3.9,15.3,58.9,7.3,Sample,,,
4/1/2020 0:15,22.6,11.8,4.1,15.3,58.9,7.3,Sample,,,
4/1/2020 0:16,22.3,12.1,3.9,15.3,59,7.3,Sample,,,
4/1/2020 0:17,21.6,12.9,4,15.34,58.5,7.2,Sample,,,
4/1/2020 0:18,21.7,12.9,4,15.4,58.9,7.4,Sample,,,
4/1/2020 0:19,24.5,11.1,3.8,15.35,59,7.4,Sample,,,
4/1/2020 0:20,25.7,10.3,3.8,15.3,59.5,7.4,Sample,,,
4/1/2020 0:21,24,11.5,4,15.3,58.9,7.3,Sample,,,
4/1/2020 0:22,22.8,12.5,3.7,15.22,59.1,7.3,Sample,,,
4/1/2020 0:23,23.3,12.1,3.9,15.2,59.4,7.3,Sample,,,
4/1/2020 0:24,36.9,0,4.1,15.2,59.5,7.4,Sample,,,
4/1/2020 0:25,37.5,0,3.9,15.2,59.5,7.4,Sample,,,
4/1/2020 0:26,18.6,17.3,4.1,15.18,59.4,7.3,Sample,,,
4/1/2020 0:27,20.8,15.1,3.9,15.17,59.4,7.3,Sample,,,
4/1/2020 0:28,23.1,12.8,4,15.12,60.2,7.5,Sample,,,
4/1/2020 0:29,24.8,11,3.7,15.19,61.2,7.8,Sample,,,
4/1/2020 0:30,24.7,10.8,3.9,15.2,60.7,7.7,Sample,,,
4/1/2020 0:31,23.8,10.8,4,15.2,60.8,7.7,Sample,,,
4/1/2020 0:32,20.6,11.8,4,15.2,60.8,7.7,Sample,,,
4/1/2020 0:33,20.6,11.6,3.9,15.2,60.3,7.6,Sample,,,
4/1/2020 0:34,20.4,11.6,3.9,15.2,60.8,7.7,Sample,,,
4/1/2020 0:35,18.9,12.7,3.9,15.2,60.3,7.5,Sample,,,
4/1/2020 0:36,20.4,11.9,4,15.2,59.9,7.5,Sample,,,
4/1/2020 0:37,20.3,12.4,4.2,15.18,59.3,7.3,Sample,,,
4/1/2020 0:38,19.2,14,4.2,15.11,59,7.1,Sample,,,
4/1/2020 0:39,19.5,14.6,4.2,15.07,59.1,7.1,Sample,,,
4/1/2020 0:40,26.3,9.2,4.2,15,59.1,7.1,Sample,,,
4/1/2020 0:41,36.4,0.4,4.6,15,59.4,7.2,Sample,,,
4/1/2020 0:42,24.5,10.9,4.2,15,60.1,7.3,Sample,,,
4/1/2020 0:43,17.8,16.7,3.9,15.03,60,7.3,Sample,,,
4/1/2020 0:44,18.2,16.4,4.2,15.1,59.7,7.3,Sample,,,
4/1/2020 0:45,18.9,15.3,4.1,15.08,59.2,7.2,Sample,,,
4/1/2020 0:46,19.5,13.7,4.2,15.09,59.9,7.3,Sample,,,
4/1/2020 0:47,20,12.6,4.2,15.06,59.7,7.3,Sample,,,
4/1/2020 0:48,18.7,14.4,4.2,14.96,59.4,7.1,Sample,,,
4/1/2020 0:49,17.9,14.7,4.2,14.87,59.7,7.1,Sample,,,
4/1/2020 0:50,18.7,13.9,4.1,14.8,60.2,7.2,Sample,,,
4/1/2020 0:51,20.3,12.6,4.2,14.8,60.4,7.2,Sample,,,
4/1/2020 0:52,21.8,11.5,4.3,14.82,60.3,7.2,Sample,,,
4/1/2020 0:53,22.4,12.3,4.2,14.88,61,7.4,Sample,,,
4/1/2020 0:54,23.4,12.6,4,14.9,61,7.4,Sample,,,
4/1/2020 0:55,22.2,13.4,4.1,14.9,60.6,7.3,Sample,,,
4/1/2020 0:56,20.6,14,4,14.9,60.6,7.4,Sample,,,
4/1/2020 0:57,20.3,12,4.1,14.89,61,7.4,Sample,,,
4/1/2020 0:58,19.7,10.9,3.9,14.82,61,7.4,Sample,,,
4/1/2020 0:59,17.7,11.9,3.8,14.73,60.9,7.3,Sample,,,
4/1/2020 1:00,14.5,14,4.1,14.7,60.9,7.2,Sample,,,
4/1/2020 1:01,12.8,15.2,4,14.7,60.9,7.2,Sample,,,
4/1/2020 1:02,14.8,14.2,4.3,14.74,60.9,7.3,Sample,,,
4/1/2020 1:03,15.9,13.6,4.3,14.8,60.9,7.3,Sample,,,
4/1/2020 1:04,16.2,13.1,3.8,14.8,61,7.3,Sample,,,
4/1/2020 1:05,16,12.3,4,14.74,60.9,7.3,Sample,,,
4/1/2020 1:06,16.3,11.2,4,14.73,60.9,7.3,Sample,,,
4/1/2020 1:07,15.8,12.3,3.8,14.77,60.7,7.3,Sample,,,
4/1/2020 1:08,15.5,13.5,3.8,14.8,60.4,7.2,Sample,,,
4/1/2020 1:09,14.3,15.5,4.1,14.82,60.4,7.2,Sample,,,
4/1/2020 1:10,15.3,16.3,4.4,14.88,60.9,7.4,Sample,,,
4/1/2020 1:11,17.2,15.6,4.2,14.88,60.8,7.4,Sample,,,
4/1/2020 1:12,17.4,15.3,4.2,14.88,60.9,7.4,Sample,,,
4/1/2020 1:13,16.1,16.3,3.9,14.83,60.9,7.3,Sample,,,
4/1/2020 1:14,15.9,16.7,4.1,14.82,61,7.4,Sample,,,
4/1/2020 1:15,16.6,16.4,4,14.81,60.9,7.3,Sample,,,
4/1/2020 1:16,16.6,16.3,4,14.8,61,7.3,Sample,,,
4/1/2020 1:17,16,16.7,4,14.79,61,7.3,Sample,,,
4/1/2020 1:18,17.5,15.2,3.7,14.78,60.9,7.3,Sample,,,
4/1/2020 1:19,17.2,15.2,3.9,14.79,61,7.3,Sample,,,
4/1/2020 1:20,15.2,16.5,3.7,14.77,60.9,7.3,Sample,,,
4/1/2020 1:21,15,16.7,3.7,14.72,60.9,7.2,Sample,,,
4/1/2020 1:22,15.1,16.3,3.8,14.7,60.9,7.2,Sample,,,
4/1/2020 1:23,14.8,16.5,4,14.7,60.9,7.2,Sample,,,
4/1/2020 1:24,14.9,16.1,3.9,14.7,61,7.2,Sample,,,
4/1/2020 1:25,15.4,15,3.7,14.68,61.2,7.3,Sample,,,
4/1/2020 1:26,14.1,15.6,3.9,14.6,61.4,7.3,Sample,,,
4/1/2020 1:27,12.3,16.5,3.9,14.52,61.6,7.2,Sample,,,
4/1/2020 1:28,11.5,16.9,3.8,14.48,61.9,7.2,Sample,,,
4/1/2020 1:29,12.7,16.1,3.6,14.4,62.3,7.3,Sample,,,
4/1/2020 1:30,14.5,14.9,4,14.4,62.6,7.3,Sample,,,
4/1/2020 1:31,15.2,14.9,3.9,14.35,62.6,7.3,Sample,,,
4/1/2020 1:32,14.6,14.6,3.9,14.39,62.8,7.4,Sample,,,
4/1/2020 1:33,13.9,14.9,3.9,14.32,63.1,7.4,Sample,,,
4/1/2020 1:34,13,15.6,3.8,14.3,63,7.3,Sample,,,
4/1/2020 1:35,11.7,16.7,3.7,14.33,62.9,7.4,Sample,,,
4/1/2020 1:36,13.1,16,3.8,14.4,63.1,7.5,Sample,,,
4/1/2020 1:37,16.9,12.9,3.9,14.48,62.6,7.4,Sample,,,
4/1/2020 1:38,16.5,13.5,3.7,14.5,62.3,7.4,Sample,,,
4/1/2020 1:39,15.5,15.1,3.8,14.5,62.1,7.3,Sample,,,
4/1/2020 1:40,15.9,15.4,3.8,14.53,62.3,7.4,Sample,,,
4/1/2020 1:41,15.1,15.9,3.8,14.5,62.2,7.3,Sample,,,
4/1/2020 1:42,15.5,14.8,3.6,14.52,62.2,7.4,Sample,,,
4/1/2020 1:43,15.7,14.1,3.6,14.55,62.4,7.4,Sample,,,
4/1/2020 1:44,13.6,14.4,3.9,14.59,62.3,7.5,Sample,,,
4/1/2020 1:45,15,12.1,3.9,14.6,62.1,7.4,Sample,,,
4/1/2020 1:46,15,12.8,3.7,14.6,62.1,7.4,Sample,,,
4/1/2020 1:47,13.8,13.5,3.7,14.6,62,7.4,Sample,,,
4/1/2020 1:48,13.3,14.2,3.8,14.52,61.8,7.3,Sample,,,
4/1/2020 1:49,13.5,15.4,3.7,14.51,62,7.3,Sample,,,
4/1/2020 1:50,13.1,15.5,3.7,14.4,62.4,7.3,Sample,,,
4/1/2020 1:51,12.5,15,3.8,14.4,62.4,7.3,Sample,,,
4/1/2020 1:52,15.4,12.4,3.7,14.4,62.9,7.4,Sample,,,
4/1/2020 1:53,18.7,8,3.5,14.5,63.3,7.6,Sample,,,
4/1/2020 1:54,18.2,7.3,3.6,14.5,62.9,7.5,Sample,,,
4/1/2020 1:55,13.3,11.4,3.9,14.45,62.7,7.4,Sample,,,
4/1/2020 1:56,12.5,12.9,3.6,14.43,62.8,7.4,Sample,,,
4/1/2020 1:57,15.1,12,3.9,14.47,63,7.5,Sample,,,
4/1/2020 1:58,16,12.4,3.7,14.48,63,7.5,Sample,,,
4/1/2020 1:59,15.9,13,3.7,14.45,62.8,7.5,Sample,,,
4/1/2020 2:00,16.5,11.8,3.8,14.4,63.5,7.6,Sample,,,
4/1/2020 2:01,16.9,10.3,3.8,14.4,63.7,7.6,Sample,,,
4/1/2020 2:02,15.5,10.6,3.8,14.4,63.8,7.6,Sample,,,
4/1/2020 2:03,14.4,9.9,3.7,14.4,63.9,7.7,Sample,,,
4/1/2020 2:04,13,10.8,3.8,14.4,63.4,7.5,Sample,,,
4/1/2020 2:05,11.8,12.5,3.7,14.37,62.8,7.4,Sample,,,
4/1/2020 2:06,11.6,13.3,3.7,14.29,63,7.3,Sample,,,
4/1/2020 2:07,11.8,14.1,3.8,14.23,63,7.3,Sample,,,
4/1/2020 2:08,12.8,14.4,3.9,14.2,63,7.3,Sample,,,
4/1/2020 2:09,14,14.1,3.8,14.2,63,7.2,Sample,,,
4/1/2020 2:10,15.3,13.3,3.6,14.19,63.4,7.3,Sample,,,
4/1/2020 2:11,16.9,11.7,3.5,14.19,64.5,7.6,Sample,,,
4/1/2020 2:12,17.8,10.3,3.9,14.2,64.8,7.7,Sample,,,
4/1/2020 2:13,16.5,10.3,3.8,14.2,64.8,7.7,Sample,,,
4/1/2020 2:14,12.5,11.1,3.9,14.2,64.8,7.7,Sample,,,
4/1/2020 2:15,11,11.2,3.7,14.2,64.9,7.7,Sample,,,
4/1/2020 2:16,12.4,10.1,3.7,14.19,64.6,7.6,Sample,,,
4/1/2020 2:17,12,10.7,3.8,14.16,64,7.4,Sample,,,
4/1/2020 2:18,11,12,3.8,14.1,63.8,7.3,Sample,,,
4/1/2020 2:19,10.8,12.9,3.7,14.1,63.6,7.3,Sample,,,
4/1/2020 2:20,11.7,13.1,4,14.08,63.5,7.3,Sample,,,
4/1/2020 2:21,14.1,12.8,3.8,14,63.9,7.3,Sample,,,
4/1/2020 2:22,16,12,3.8,14,64.2,7.3,Sample,,,
4/1/2020 2:23,16.6,11.8,3.9,14.01,64.1,7.3,Sample,,,
4/1/2020 2:24,16.6,12.2,3.8,14.01,64.1,7.3,Sample,,,
4/1/2020 2:25,16.5,12.3,3.6,14,64.1,7.3,Sample,,,
4/1/2020 2:26,16.4,12.2,3.6,13.98,64.1,7.3,Sample,,,
4/1/2020 2:27,16.2,12,3.5,13.94,64,7.2,Sample,,,
4/1/2020 2:28,15.8,12.2,3.9,13.9,64,7.2,Sample,,,
4/1/2020 2:29,16,12.2,3.5,13.9,63.8,7.2,Sample,,,
4/1/2020 2:30,16.2,12.4,3.5,13.96,63.7,7.2,Sample,,,
4/1/2020 2:31,17.2,12,3.4,13.99,63.6,7.2,Sample,,,
4/1/2020 2:32,17.6,11.8,3.4,13.98,63.8,7.2,Sample,,,
4/1/2020 2:33,17.1,12.2,3.5,13.96,63.6,7.2,Sample,,,
4/1/2020 2:34,16.8,12.7,3.5,13.97,63.8,7.2,Sample,,,
4/1/2020 2:35,17.2,12.7,3.4,13.97,63.6,7.2,Sample,,,
4/1/2020 2:36,17.3,12.6,3.3,13.9,63.5,7.1,Sample,,,
4/1/2020 2:37,17.3,12.2,3.3,13.9,63.8,7.1,Sample,,,
4/1/2020 2:38,17.9,11.8,3.5,13.9,64,7.2,Sample,,,
4/1/2020 2:39,17.7,11.8,3.6,13.9,64.1,7.2,Sample,,,
4/1/2020 2:40,17.5,11.7,3.4,13.9,64,7.2,Sample,,,
4/1/2020 2:41,18.5,10.9,3.6,13.9,63.9,7.2,Sample,,,
4/1/2020 2:42,18.9,10.5,3.5,13.9,63.4,7.1,Sample,,,
4/1/2020 2:43,19,9.5,3.3,13.9,63.8,7.1,Sample,,,
4/1/2020 2:44,22.5,5.8,3.5,13.91,63.6,7.1,Sample,,,
4/1/2020 2:45,29.6,0,3.4,13.9,63.5,7.1,Sample,,,
4/1/2020 2:46,24.3,6.1,3.7,13.9,63.4,7.1,Sample,,,
4/1/2020 2:47,20.6,10.9,3.5,13.91,63.5,7.1,Sample,,,
4/1/2020 2:48,20.4,10.9,3.5,13.9,63.4,7.1,Sample,,,
4/1/2020 2:49,19.7,10.8,3.5,13.9,63.5,7.1,Sample,,,
4/1/2020 2:50,19.2,10.7,3.6,13.9,63.4,7.1,Sample,,,
4/1/2020 2:51,19.2,10.6,3.5,13.89,63.4,7,Sample,,,
4/1/2020 2:52,19.5,10.6,3.3,13.84,63.3,7,Sample,,,
4/1/2020 2:53,18.9,10.9,3.1,13.87,62.9,6.9,Sample,,,
4/1/2020 2:54,18.8,10.8,3.2,13.85,63.4,7,Sample,,,
4/1/2020 2:55,19.1,10.8,3.2,13.8,63.3,7,Sample,,,
4/1/2020 2:56,17.7,11.3,3.2,13.8,63.2,6.9,Sample,,,
4/1/2020 2:57,18.3,10.3,3.2,13.82,64.1,7.1,Sample,,,
4/1/2020 2:58,20.7,7.8,3.4,13.88,64.7,7.3,Sample,,,
4/1/2020 2:59,19.4,8.9,3.1,13.88,64.6,7.3,Sample,,,
4/1/2020 3:00,17.7,10.3,3.2,13.89,64.5,7.3,Sample,,,
4/1/2020 3:01,17.2,10.3,3.2,13.88,63.8,7.1,Sample,,,
4/1/2020 3:02,17.9,8.9,2.9,13.84,64.3,7.2,Sample,,,
4/1/2020 3:03,17.6,8.8,3.1,13.79,64.1,7.1,Sample,,,
4/1/2020 3:04,16.4,9.7,3,13.76,64.2,7.1,Sample,,,
4/1/2020 3:05,16.3,10.3,3.4,13.73,64.2,7.1,Sample,,,
4/1/2020 3:06,17,10.1,3.4,13.77,64,7.1,Sample,,,
4/1/2020 3:07,16.8,10.9,3.3,13.78,63.6,7,Sample,,,
4/1/2020 3:08,17.5,11.5,3.2,13.73,63.7,7,Sample,,,
4/1/2020 3:09,18.1,12,3.2,13.71,63.7,6.9,Sample,,,
4/1/2020 3:10,17.9,12.5,3.3,13.7,63.6,6.9,Sample,,,
4/1/2020 3:11,18.5,12.8,3.3,13.68,63.7,6.9,Sample,,,
4/1/2020 3:12,19.2,12.6,3.4,13.6,63.9,6.9,Sample,,,
4/1/2020 3:13,19.6,12,3.3,13.6,63.9,6.9,Sample,,,
4/1/2020 3:14,19.4,12,3,13.56,63.9,6.8,Sample,,,
4/1/2020 3:15,18.8,12.6,3.1,13.5,64.1,6.8,Sample,,,
4/1/2020 3:16,18.6,12.7,3.1,13.46,64.3,6.9,Sample,,,
4/1/2020 3:17,18.7,12.4,3,13.4,64.8,6.9,Sample,,,
4/1/2020 3:18,18.8,11.8,3.1,13.4,65,6.9,Sample,,,
4/1/2020 3:19,18.9,11.4,3.4,13.38,65.1,6.9,Sample,,,
4/1/2020 3:20,18.2,11.7,3.2,13.31,65.1,6.9,Sample,,,
4/1/2020 3:21,17.6,11.9,3.1,13.3,65.1,6.9,Sample,,,
4/1/2020 3:22,18,11.1,3.2,13.27,65.6,7,Sample,,,
4/1/2020 3:23,18.7,10.5,3.2,13.23,65.9,7,Sample,,,
4/1/2020 3:24,18.4,10.6,3.2,13.2,66,7,Sample,,,
4/1/2020 3:25,28.1,1.2,3.3,13.2,66,7,Sample,,,
4/1/2020 3:26,23.5,4.9,3.1,13.17,65.9,6.9,Sample,,,
4/1/2020 3:27,12.4,13.7,3.1,13.18,65.9,6.9,Sample,,,
4/1/2020 3:28,13.1,12.6,3.2,13.13,65.7,6.9,Sample,,,
4/1/2020 3:29,14,12,3.3,13.14,66,6.9,Sample,,,
4/1/2020 3:30,15.1,11.4,2.9,13.12,65.9,6.9,Sample,,,
4/1/2020 3:31,15.9,11.3,3.3,13.11,66,6.9,Sample,,,
4/1/2020 3:32,16.4,11,3.2,13.1,66.1,6.9,Sample,,,
4/1/2020 3:33,17.1,10.6,3.5,13.09,66.3,6.9,Sample,,,
4/1/2020 3:34,18.1,10.2,3.4,13.03,66.5,6.9,Sample,,,
4/1/2020 3:35,18.2,10.1,3.3,13,66.8,7,Sample,,,
4/1/2020 3:36,17.7,10.1,3.3,12.98,67.1,7,Sample,,,
4/1/2020 3:37,17.7,10.1,3.2,12.9,67.3,7,Sample,,,
4/1/2020 3:38,18,9.6,3.3,12.9,67.6,7,Sample,,,
4/1/2020 3:39,19.3,8.2,3.4,12.9,67.9,7.1,Sample,,,
4/1/2020 3:40,20.9,6.8,3.4,12.9,67.9,7.1,Sample,,,
4/1/2020 3:41,18.2,9.5,3.4,12.9,67.8,7.1,Sample,,,
4/1/2020 3:42,16.8,10.9,3.4,12.9,67.6,7,Sample,,,
4/1/2020 3:43,16.1,11.5,3.7,12.88,67.7,7.1,Sample,,,
4/1/2020 3:44,15.6,11.9,3.6,12.86,67.8,7.1,Sample,,,
4/1/2020 3:45,16.9,11,3.6,12.89,67.7,7.1,Sample,,,
4/1/2020 3:46,18.4,10.2,3.5,12.9,67.6,7,Sample,,,
4/1/2020 3:47,18.6,10.5,3.5,12.9,67.6,7,Sample,,,
4/1/2020 3:48,18.8,11.2,3.6,12.9,67.7,7.1,Sample,,,
4/1/2020 3:49,18.3,12,3.6,12.94,67.8,7.1,Sample,,,
4/1/2020 3:50,17.7,12.1,3.7,12.98,67.8,7.2,Sample,,,
4/1/2020 3:51,16.7,12.9,3.6,12.93,67.5,7.1,Sample,,,
4/1/2020 3:52,16.1,13.1,3.8,12.91,67.5,7,Sample,,,
4/1/2020 3:53,16.3,12.5,3.9,12.9,67.7,7.1,Sample,,,
4/1/2020 3:54,16.1,12.8,3.8,12.86,67.8,7.1,Sample,,,
4/1/2020 3:55,15.3,13.4,3.7,12.81,67.9,7,Sample,,,
4/1/2020 3:56,15.3,13.3,4,12.8,68.1,7.1,Sample,,,
4/1/2020 3:57,15.4,13.2,3.9,12.8,68.1,7.1,Sample,,,
4/1/2020 3:58,14.3,13.8,4,12.8,68.2,7.1,Sample,,,
4/1/2020 3:59,14.3,13.2,3.9,12.8,68.3,7.1,Sample,,,
4/1/2020 4:00,14.9,12.2,3.9,12.8,68.3,7.1,Sample,,,
4/1/2020 4:01,15,11,3.8,12.8,68.4,7.1,Sample,,,
4/1/2020 4:02,14.6,10.9,3.8,12.8,68.4,7.1,Sample,,,
4/1/2020 4:03,13,12.7,4,12.8,68.4,7.1,Sample,,,
4/1/2020 4:04,13.1,12.7,4,12.8,68.3,7.1,Sample,,,
4/1/2020 4:05,13.6,11.5,4.1,12.8,68.3,7.1,Sample,,,
4/1/2020 4:06,14,11.4,4,12.8,68.2,7.1,Sample,,,
4/1/2020 4:07,14.7,11.5,4.1,12.8,68.1,7.1,Sample,,,
4/1/2020 4:08,15,11.8,4.2,12.8,68.3,7.1,Sample,,,
4/1/2020 4:09,15.5,11.8,4.2,12.8,68.2,7.1,Sample,,,
4/1/2020 4:10,28,0.9,4.4,12.8,68.3,7.1,Sample,,,
4/1/2020 4:11,23.7,5,4.1,12.81,68.1,7.1,Sample,,,
4/1/2020 4:12,15,13.2,4.3,12.8,68.3,7.1,Sample,,,
4/1/2020 4:13,15.1,13.5,4.1,12.77,68.2,7.1,Sample,,,
4/1/2020 4:14,15.6,13.2,4.1,12.72,68.4,7,Sample,,,
4/1/2020 4:15,16.3,12.6,4.1,12.69,68.6,7.1,Sample,,,
4/1/2020 4:16,17,12.1,4,12.6,69,7.1,Sample,,,
4/1/2020 4:17,17.3,11.8,4.2,12.6,69.4,7.1,Sample,,,
4/1/2020 4:18,16.8,12,4.2,12.53,69.4,7.1,Sample,,,
4/1/2020 4:19,16.2,12.2,3.9,12.5,69.5,7.1,Sample,,,
4/1/2020 4:20,15.9,12.5,4.3,12.48,69.5,7,Sample,,,
4/1/2020 4:21,16.1,12.2,4.2,12.4,69.4,7,Sample,,,
4/1/2020 4:22,16.6,11.7,4.2,12.38,69.4,6.9,Sample,,,
4/1/2020 4:23,18,10.7,4.5,12.33,69.4,6.9,Sample,,,
4/1/2020 4:24,20.1,8.9,4.4,12.3,69.5,6.9,Sample,,,
4/1/2020 4:25,18.6,9.9,4.1,12.3,69.6,6.9,Sample,,,
4/1/2020 4:26,16.4,11.3,4.4,12.29,69.9,6.9,Sample,,,
4/1/2020 4:27,15.9,11.6,4.3,12.28,69.8,6.9,Sample,,,
4/1/2020 4:28,15.6,11.6,4.3,12.29,69.9,7,Sample,,,
4/1/2020 4:29,16.4,10.6,4.4,12.29,70,7,Sample,,,
4/1/2020 4:30,16.6,10.5,4.1,12.3,70.1,7,Sample,,,
4/1/2020 4:31,16.8,10.6,4.2,12.3,70,7,Sample,,,
4/1/2020 4:32,16.6,10.8,4.2,12.3,70.1,7,Sample,,,
4/1/2020 4:33,15.6,11.7,4.5,12.32,69.7,6.9,Sample,,,
4/1/2020 4:34,16.2,11.5,4.3,12.34,69.6,6.9,Sample,,,
4/1/2020 4:35,17.6,10.4,4.2,12.32,69.7,6.9,Sample,,,
4/1/2020 4:36,17.6,10.5,4.6,12.3,69.9,7,Sample,,,
4/1/2020 4:37,17.3,10.8,4.3,12.28,70.1,7,Sample,,,
4/1/2020 4:38,16.5,11.2,4.3,12.27,70.3,7,Sample,,,
4/1/2020 4:39,16.5,11.1,4.5,12.2,70.3,7,Sample,,,
4/1/2020 4:40,16.5,10.6,4.6,12.2,70.5,7,Sample,,,
4/1/2020 4:41,16.2,10.4,4.5,12.2,70.5,7,Sample,,,
4/1/2020 4:42,16.1,10.3,4.5,12.21,70.6,7,Sample,,,
4/1/2020 4:43,16.3,10.5,4.5,12.24,70.4,7,Sample,,,
4/1/2020 4:44,17.8,10,4.5,12.28,70.2,7,Sample,,,
4/1/2020 4:45,19.1,9.1,4.3,12.29,70.3,7,Sample,,,
4/1/2020 4:46,17.7,10.3,4.7,12.3,70.1,7,Sample,,,
4/1/2020 4:47,16.7,11.1,4.3,12.25,70.1,7,Sample,,,
4/1/2020 4:48,16.5,11.2,4.6,12.23,70.2,7,Sample,,,
4/1/2020 4:49,16.5,11.4,4.6,12.23,70.2,7,Sample,,,
4/1/2020 4:50,16.8,11.3,4.9,12.28,70.3,7,Sample,,,
4/1/2020 4:51,17,11.6,4.4,12.23,70.2,7,Sample,,,
4/1/2020 4:52,17.2,11.5,4.7,12.19,70.4,7,Sample,,,
4/1/2020 4:53,17.2,11.2,4.7,12.1,70.6,6.9,Sample,,,
4/1/2020 4:54,17.1,11.2,4.7,12.09,71.1,7,Sample,,,
4/1/2020 4:55,17.6,11.2,5,12,71.3,7,Sample,,,
4/1/2020 4:56,16.4,12,5,12,71.1,6.9,Sample,,,
4/1/2020 4:57,16,12.8,4.9,12,71.1,6.9,Sample,,,
4/1/2020 4:58,16.8,12.6,4.9,12.02,71.1,6.9,Sample,,,
4/1/2020 4:59,17,12.3,4.7,12.1,71.1,7,Sample,,,
4/1/2020 5:00,17.9,11.5,4.8,12.1,71.1,7,Sample,,,
4/1/2020 5:01,17.8,11.7,5,12.1,70.9,7,Sample,,,
4/1/2020 5:02,17.3,12.2,4.9,12.12,70.8,7,Sample,,,
4/1/2020 5:03,17.5,12,5,12.1,70.8,7,Sample,,,
4/1/2020 5:04,19.2,10.4,5.4,12.11,70.9,7,Sample,,,
4/1/2020 5:05,19,10.5,4.9,12.1,70.9,7,Sample,,,
4/1/2020 5:06,16.5,12.6,6,12.1,70.9,7,Sample,,,
4/1/2020 5:07,15.9,13,12.5,12.1,70.9,7,Sample,,,
4/1/2020 5:08,19.6,9.9,15.8,12.1,70.9,7,Sample,,,
4/1/2020 5:09,22.4,7.5,10.8,12.1,70.9,7,Sample,,,
4/1/2020 5:10,22.1,7.5,7.9,12.13,70.7,7,Sample,,,
4/1/2020 5:11,20.2,9.1,6.1,12.19,70.5,7,Sample,,,
4/1/2020 5:12,18.4,11,5.5,12.2,70.4,7,Sample,,,
4/1/2020 5:13,18,11.7,5.1,12.2,70.5,7,Sample,,,
4/1/2020 5:14,17.8,12.1,5.3,12.18,70.5,7,Sample,,,
4/1/2020 5:15,16.9,12.7,5.3,12.14,70.5,6.9,Sample,,,
4/1/2020 5:16,17.1,12.5,5.3,12.14,70.6,6.9,Sample,,,
4/1/2020 5:17,17.4,12.1,5.3,12.18,70.5,7,Sample,,,
4/1/2020 5:18,16.5,12.9,5.6,12.2,70.3,6.9,Sample,,,
4/1/2020 5:19,15.9,13.6,5.3,12.2,70.3,6.9,Sample,,,
4/1/2020 5:20,16.3,13.2,5.3,12.19,70.4,7,Sample,,,
4/1/2020 5:21,16.8,12.6,5.2,12.18,70.4,6.9,Sample,,,
4/1/2020 5:22,15.7,13.3,5.3,12.18,70.2,6.9,Sample,,,
4/1/2020 5:23,15.6,13.1,5.9,12.2,70,6.9,Sample,,,
4/1/2020 5:24,16.4,12.4,5.5,12.2,69.7,6.8,Sample,,,
4/1/2020 5:25,16.6,12.8,5.9,12.2,69.6,6.8,Sample,,,
4/1/2020 5:26,16.9,13.3,5.6,12.21,69.4,6.8,Sample,,,
4/1/2020 5:27,16.9,13.7,5.5,12.27,69.3,6.8,Sample,,,
4/1/2020 5:28,17.1,14,5.8,12.3,69.3,6.8,Sample,,,
4/1/2020 5:29,18.5,12.8,6.1,12.3,69.3,6.8,Sample,,,
4/1/2020 5:30,20.4,11.2,6.1,12.32,69.3,6.9,Sample,,,
4/1/2020 5:31,19.5,12.3,5.6,12.32,69.3,6.9,Sample,,,
4/1/2020 5:32,14.7,16.4,5.1,12.39,69.2,6.9,Sample,,,
4/1/2020 5:33,14.8,17.2,5.5,12.4,69,6.9,Sample,,,
4/1/2020 5:34,17.2,15.7,5.3,12.48,68.7,6.9,Sample,,,
4/1/2020 5:35,17.6,15.5,5.5,12.49,68.8,6.9,Sample,,,
4/1/2020 5:36,16.7,15.6,5.3,12.46,69.2,7,Sample,,,
4/1/2020 5:37,16.3,15.8,5.4,12.4,68.7,6.8,Sample,,,
4/1/2020 5:38,15.5,15.8,6.2,12.4,68.5,6.8,Sample,,,
4/1/2020 5:39,16.5,13.9,8.7,12.4,68.3,6.7,Sample,,,
4/1/2020 5:40,16.7,14.2,6,12.4,68.4,6.7,Sample,,,
4/1/2020 5:41,16.7,15.3,5.6,12.47,68.2,6.8,Sample,,,
4/1/2020 5:42,18,14.4,5.4,12.48,68.3,6.8,Sample,,,
4/1/2020 5:43,17,15.2,5.8,12.5,68,6.8,Sample,,,
4/1/2020 5:44,16.9,15.2,9.9,12.5,67.7,6.7,Sample,,,
4/1/2020 5:45,19.4,13.6,7.8,12.5,67.7,6.7,Sample,,,
4/1/2020 5:46,20.1,13.9,6,12.52,67.8,6.7,Sample,,,
4/1/2020 5:47,18.1,15.8,5.5,12.55,67.8,6.7,Sample,,,
4/1/2020 5:48,16.7,16.6,5.7,12.56,67.8,6.8,Sample,,,
4/1/2020 5:49,17.6,15.1,6.5,12.55,67.9,6.8,Sample,,,
4/1/2020 5:50,18.3,14.2,6.1,12.5,68.1,6.8,Sample,,,
4/1/2020 5:51,18,13.7,6.5,12.49,67.8,6.7,Sample,,,
4/1/2020 5:52,18.1,13.2,6.4,12.5,67.8,6.7,Sample,,,
4/1/2020 5:53,18.6,14,5.5,12.5,67.5,6.6,Sample,,,
4/1/2020 5:54,16.2,16.7,5.5,12.58,67,6.6,Sample,,,
4/1/2020 5:55,18.1,16.1,8.9,12.61,67,6.6,Sample,,,
4/1/2020 5:56,21,14,7.1,12.67,67,6.7,Sample,,,
4/1/2020 5:57,20.6,14.3,5.9,12.69,66.8,6.7,Sample,,,
4/1/2020 5:58,19.8,15,5.6,12.68,66.9,6.7,Sample,,,
4/1/2020 5:59,20,14.6,5.6,12.62,67,6.6,Sample,,,
4/1/2020 6:00,20.4,13.6,5.4,12.6,67.6,6.8,Sample,,,
4/1/2020 6:01,20.9,12.7,5.6,12.6,67.7,6.8,Sample,,,
4/1/2020 6:02,21.6,11.2,5.8,12.57,68.2,6.9,Sample,,,
4/1/2020 6:03,21.2,10.2,5.5,12.48,68.7,6.9,Sample,,,
4/1/2020 6:04,19,10.5,5.4,12.34,69.1,6.8,Sample,,,
4/1/2020 6:05,18,11.2,6,12.21,69.2,6.7,Sample,,,
4/1/2020 6:06,18.2,11.9,5.8,12.07,69.2,6.6,Sample,,,
4/1/2020 6:07,19.4,11.1,5.7,11.96,69.8,6.6,Sample,,,
4/1/2020 6:08,19.9,9.7,5.6,11.85,70.5,6.6,Sample,,,
4/1/2020 6:09,19.5,8.9,5.5,11.79,70.6,6.6,Sample,,,
4/1/2020 6:10,18.5,8.8,5.2,11.75,71,6.7,Sample,,,
4/1/2020 6:11,19.5,8.2,5.4,11.77,71,6.7,Sample,,,
4/1/2020 6:12,20.7,8.1,5.6,11.8,71.1,6.7,Sample,,,
4/1/2020 6:13,23.4,6.5,5.9,11.87,71.1,6.8,Sample,,,
4/1/2020 6:14,26.6,4.3,5.6,11.92,70.6,6.7,Sample,,,
4/1/2020 6:15,31.1,0,5.6,12,70.5,6.8,Sample,,,
4/1/2020 6:16,26.4,3.3,5.6,12,70.5,6.8,Sample,,,
4/1/2020 6:17,23.3,6.5,5.7,12.08,70.4,6.8,Sample,,,
4/1/2020 6:18,23.8,6.6,5.6,12.1,70.2,6.8,Sample,,,
4/1/2020 6:19,22.5,8.1,5.6,12.1,69.7,6.7,Sample,,,
4/1/2020 6:20,20.2,10.8,5.6,12.1,69.5,6.7,Sample,,,
4/1/2020 6:21,19.3,10.6,5.5,12.02,69.6,6.6,Sample,,,
4/1/2020 6:22,20.5,8.1,5.5,12,70.2,6.7,Sample,,,
4/1/2020 6:23,20.2,7.9,5.3,11.98,70.3,6.7,Sample,,,
4/1/2020 6:24,18.3,8.5,5.3,11.91,70.5,6.7,Sample,,,
4/1/2020 6:25,17.4,9.3,5.9,11.9,70.5,6.7,Sample,,,
4/1/2020 6:26,16.4,10,5.3,11.9,70.7,6.7,Sample,,,
4/1/2020 6:27,16.5,8.8,5.1,11.9,70.5,6.7,Sample,,,
4/1/2020 6:28,16.4,8.8,5.4,11.89,70.7,6.7,Sample,,,
4/1/2020 6:29,16.5,10.3,5.5,11.8,70.6,6.6,Sample,,,
4/1/2020 6:30,18.5,9.5,5.5,11.76,70.8,6.6,Sample,,,
4/1/2020 6:31,21.7,8.2,5.2,11.7,71.2,6.6,Sample,,,
4/1/2020 6:32,21.5,8.5,5.7,11.7,71.5,6.7,Sample,,,
4/1/2020 6:33,19.5,9.5,5.7,11.64,71.4,6.6,Sample,,,
4/1/2020 6:34,18.5,9.9,5.7,11.62,71.1,6.6,Sample,,,
4/1/2020 6:35,20.3,8.3,6,11.63,71.3,6.6,Sample,,,
4/1/2020 6:36,22,7.5,5.8,11.63,71.4,6.6,Sample,,,
4/1/2020 6:37,21.8,8.4,5.7,11.7,71.3,6.7,Sample,,,
4/1/2020 6:38,21.8,8.9,5.3,11.7,71.4,6.7,Sample,,,
4/1/2020 6:39,22.7,7.7,5.1,11.69,71.7,6.7,Sample,,,
4/1/2020 6:40,22.2,7.3,5.4,11.64,71.7,6.7,Sample,,,
4/1/2020 6:41,20.8,8.5,5.3,11.61,71.8,6.7,Sample,,,
4/1/2020 6:42,21.3,8.7,5.1,11.6,71.8,6.7,Sample,,,
4/1/2020 6:43,22.4,8.1,5.2,11.52,72.1,6.7,Sample,,,
4/1/2020 6:44,20.5,8.2,5,11.5,72.4,6.7,Sample,,,
4/1/2020 6:45,18.9,8,5.8,11.5,72.7,6.8,Sample,,,
4/1/2020 6:46,20.6,7.1,5.9,11.5,72.6,6.8,Sample,,,
4/1/2020 6:47,22.6,6,5.3,11.48,72.7,6.7,Sample,,,
4/1/2020 6:48,24.8,5,5.1,11.46,72.5,6.7,Sample,,,
4/1/2020 6:49,26,4.8,5.3,11.45,72.5,6.7,Sample,,,
4/1/2020 6:50,23.5,6.9,5.1,11.48,72.6,6.7,Sample,,,
4/1/2020 6:51,21.6,8.3,5.8,11.48,72.5,6.7,Sample,,,
4/1/2020 6:52,21.4,8.8,6.4,11.5,72.4,6.7,Sample,,,
4/1/2020 6:53,21.5,8.9,6.1,11.5,72.2,6.7,Sample,,,
4/1/2020 6:54,21.1,8.7,5.7,11.51,72.1,6.6,Sample,,,
4/1/2020 6:55,21.4,8.1,5.5,11.54,72,6.7,Sample,,,
4/1/2020 6:56,21.8,8.3,5.5,11.57,71.8,6.7,Sample,,,
4/1/2020 6:57,22.5,8.4,5.7,11.59,71.9,6.7,Sample,,,
4/1/2020 6:58,22.8,8.1,5.9,11.6,71.9,6.7,Sample,,,
4/1/2020 6:59,23,8.5,5.5,11.6,71.8,6.7,Sample,,,
4/1/2020 7:00,23.3,8.4,5.5,11.6,72,6.7,Sample,,,
4/1/2020 7:01,23.6,7.5,5.4,11.6,72.2,6.8,Sample,,,
4/1/2020 7:02,24.4,6.7,5.6,11.6,72,6.7,Sample,,,
4/1/2020 7:03,25.6,5.1,5.9,11.57,72.1,6.7,Sample,,,
4/1/2020 7:04,30.7,0,6.1,11.6,72,6.7,Sample,,,
4/1/2020 7:05,28.1,2.1,5.8,11.6,71.8,6.7,Sample,,,
4/1/2020 7:06,18.5,10.8,5.7,11.6,71.6,6.6,Sample,,,
4/1/2020 7:07,19.9,9.9,5.9,11.6,71.6,6.6,Sample,,,
4/1/2020 7:08,21,8.9,5.8,11.65,71.6,6.7,Sample,,,
4/1/2020 7:09,21.6,8.1,5.7,11.7,71.4,6.7,Sample,,,
4/1/2020 7:10,22.2,7.2,6.2,11.7,71.3,6.7,Sample,,,
4/1/2020 7:11,22.4,5.8,5.9,11.7,71.6,6.7,Sample,,,
4/1/2020 7:12,24.3,3.9,5.9,11.72,71.4,6.7,Sample,,,
4/1/2020 7:13,24.7,4.1,6,11.8,71.5,6.8,Sample,,,
4/1/2020 7:14,25.6,4,6.2,11.8,71.3,6.8,Sample,,,
4/1/2020 7:15,25.4,5.4,5.7,11.8,71.2,6.8,Sample,,,
4/1/2020 7:16,23.9,7,6,11.84,71.1,6.8,Sample,,,
4/1/2020 7:17,23.6,7,5.9,11.88,71,6.8,Sample,,,
4/1/2020 7:18,24,6.4,5.8,11.9,70.8,6.8,Sample,,,
4/1/2020 7:19,24.6,6,5.9,11.95,70.8,6.8,Sample,,,
4/1/2020 7:20,25.6,5.8,6.1,12,70.8,6.9,Sample,,,
4/1/2020 7:21,25.6,6.4,6.2,12,70.8,6.9,Sample,,,
4/1/2020 7:22,24.9,6.9,6.3,12.02,70.6,6.8,Sample,,,
4/1/2020 7:23,25.5,7.1,6.2,12.09,70.5,6.9,Sample,,,
4/1/2020 7:24,26.5,6.8,6.3,12.1,70.6,6.9,Sample,,,
4/1/2020 7:25,25.9,6.9,6.4,12.12,70.7,6.9,Sample,,,
4/1/2020 7:26,26,6.5,6.1,12.18,70.7,7,Sample,,,
4/1/2020 7:27,26.7,5.5,5.8,12.18,70.8,7,Sample,,,
4/1/2020 7:28,25.7,6.2,6.5,12.2,70.9,7.1,Sample,,,
4/1/2020 7:29,25.1,6.1,6.5,12.21,70.8,7.1,Sample,,,
4/1/2020 7:30,25,5.9,6.8,12.27,70.6,7.1,Sample,,,
4/1/2020 7:31,24.3,6,6.4,12.32,70.4,7.1,Sample,,,
4/1/2020 7:32,25.2,5.3,6.7,12.38,70,7.1,Sample,,,
4/1/2020 7:33,26.5,5.2,7,12.43,69.4,7,Sample,,,
4/1/2020 7:34,27.4,5.3,6.9,12.5,69.5,7.1,Sample,,,
4/1/2020 7:35,30.1,4.4,6.8,12.54,69.5,7.1,Sample,,,
4/1/2020 7:36,32.7,2.4,7.2,12.6,69.6,7.2,Sample,,,
4/1/2020 7:37,30,3.9,7.3,12.67,69.6,7.2,Sample,,,
4/1/2020 7:38,26,7.6,7.4,12.71,69.6,7.3,Sample,,,
4/1/2020 7:39,31,3.3,8.2,12.79,69.7,7.4,Sample,,,
4/1/2020 7:40,32.3,2.5,8,12.87,69.3,7.4,Sample,,,
4/1/2020 7:41,30.5,5.4,7.2,13.02,69,7.5,Sample,,,
4/1/2020 7:42,27.5,8,6.7,13.32,68.8,7.7,Sample,,,
4/1/2020 7:43,26.5,7.8,6.8,13.74,68.6,8.1,Sample,,,
4/1/2020 7:44,25.5,8.1,6.6,14.22,68.2,8.4,Sample,,,
4/1/2020 7:45,23.9,8.4,6.7,14.59,67.3,8.6,Sample,,,
4/1/2020 7:46,23.1,7.9,6.2,14.78,65.4,8.4,Sample,,,
4/1/2020 7:47,24.5,5,6.6,14.9,64.4,8.2,Sample,,,
4/1/2020 7:48,21.7,5.2,7,15.04,63.7,8.2,Sample,,,
4/1/2020 7:49,17.7,8.6,6.8,15.26,63.5,8.4,Sample,,,
4/1/2020 7:50,18.7,8.2,6.9,15.44,63.4,8.5,Sample,,,
4/1/2020 7:51,19.8,6.8,7.1,15.56,62.9,8.5,Sample,,,
4/1/2020 7:52,20.9,4.9,7.3,15.63,62.1,8.4,Sample,,,
4/1/2020 7:53,20.9,5.1,7.1,15.7,61.9,8.4,Sample,,,
4/1/2020 7:54,21.2,5.8,7.9,15.77,61.8,8.4,Sample,,,
4/1/2020 7:55,22.6,5.2,7.8,15.97,61.9,8.7,Sample,,,
4/1/2020 7:56,23.5,5.7,8.1,16.35,61.8,9,Sample,,,
4/1/2020 7:57,21.7,7.3,7.8,16.71,60.1,8.9,Sample,,,
4/1/2020 7:58,22.2,6.4,8.1,16.99,58.8,8.9,Sample,,,
4/1/2020 7:59,23,6.3,8.3,17.41,58.2,9.1,Sample,,,
4/1/2020 8:00,24.1,6.5,8.1,17.93,57.1,9.3,Sample,,,
4/1/2020 8:01,26.2,4.3,8.5,18.4,55,9.2,Sample,,,
4/1/2020 8:02,31.3,0,8.5,18.77,54.2,9.3,Sample,,,
4/1/2020 8:03,30.2,1.1,8.7,19.19,53.7,9.6,Sample,,,
4/1/2020 8:04,21.5,8.9,8.9,19.57,53.2,9.8,Sample,,,
4/1/2020 8:05,20.3,9.7,8.8,19.91,51.8,9.7,Sample,,,
4/1/2020 8:06,19.4,8.3,8.5,20.11,50.7,9.6,Sample,,,
4/1/2020 8:07,18.7,8.2,8.5,20.19,49.5,9.3,Sample,,,
4/1/2020 8:08,19,8.8,9.2,20.1,48.7,9,Sample,,,
4/1/2020 8:09,21.4,7.2,8.5,19.92,47.9,8.5,Sample,,,
4/1/2020 8:10,22.5,9.3,8.5,19.73,47.9,8.4,Sample,,,
4/1/2020 8:11,26.3,8.6,8.9,19.83,50,9.1,Sample,,,
4/1/2020 8:12,29.6,7,8.6,20.16,50.2,9.5,Sample,,,
4/1/2020 8:13,29.8,7.6,8.6,20.55,49.2,9.5,Sample,,,
4/1/2020 8:14,28.6,7.9,9.3,20.86,47.7,9.3,Sample,,,
4/1/2020 8:15,28.1,9.2,9.3,21.11,47.6,9.6,Sample,,,
4/1/2020 8:16,25.7,11.4,9.3,21.33,46.6,9.4,Sample,,,
4/1/2020 8:17,21.8,12.9,9.5,21.44,45.8,9.3,Sample,,,
4/1/2020 8:18,23.3,12.7,9.6,21.64,46,9.5,Sample,,,
4/1/2020 8:19,27.2,11.6,9.6,21.88,45.8,9.7,Sample,,,
4/1/2020 8:20,26.3,10.7,9.6,22.09,44.6,9.5,Sample,,,
4/1/2020 8:21,23.6,12.2,9.8,22.19,44,9.3,Sample,,,
4/1/2020 8:22,23.1,13.7,9.9,22.3,44.4,9.6,Sample,,,
4/1/2020 8:23,24.2,12.4,9.8,22.46,43.7,9.5,Sample,,,
4/1/2020 8:24,21.1,11.5,9.7,22.63,43.5,9.6,Sample,,,
4/1/2020 8:25,19.1,11.3,9.4,22.63,43.2,9.5,Sample,,,
4/1/2020 8:26,17.8,14.1,9.8,22.63,43.7,9.7,Sample,,,
4/1/2020 8:27,16.3,17.2,9.7,22.67,43.5,9.6,Sample,,,
4/1/2020 8:28,14.3,17.9,9.7,22.58,42.3,9.1,Sample,,,
4/1/2020 8:29,15.7,15.7,9.6,22.47,42.1,9,Sample,,,
4/1/2020 8:30,18.3,14.8,9.4,22.4,42.9,9.2,Sample,,,
4/1/2020 8:31,14,18.7,10,22.3,41.7,8.7,Sample,,,
4/1/2020 8:32,11.2,21.8,10,21.93,42.1,8.5,Sample,,,
4/1/2020 8:33,17.3,18.5,9.8,21.81,42.9,8.6,Sample,,,
4/1/2020 8:34,16.9,19.4,10,21.48,42.6,8.2,Sample,,,
4/1/2020 8:35,17,21,10,21.24,42.7,8,Sample,,,
4/1/2020 8:36,20.7,20.1,10,21.14,44.3,8.5,Sample,,,
4/1/2020 8:37,21.2,19.5,10.3,21.06,43.1,8,Sample,,,
4/1/2020 8:38,20.6,20.1,10.2,20.84,44.4,8.3,Sample,,,
4/1/2020 8:39,22.9,19.1,10,20.8,45.1,8.5,Sample,,,
4/1/2020 8:40,23.9,17.5,10.3,20.89,45.4,8.6,Sample,,,
4/1/2020 8:41,17.5,20.1,10.3,20.74,43.9,8,Sample,,,
4/1/2020 8:42,15.3,21.9,10.8,20.55,44.7,8.1,Sample,,,
4/1/2020 8:43,20.6,19.7,10.5,20.58,45.7,8.5,Sample,,,
4/1/2020 8:44,18.5,21.2,11,20.63,45.1,8.3,Sample,,,
4/1/2020 8:45,14.6,24,10.8,20.45,45.1,8.1,Sample,,,
4/1/2020 8:46,40.9,0,10.7,20.2,45.1,7.9,Sample,,,
4/1/2020 8:47,42.2,0,10.8,20.26,47,8.6,Sample,,,
4/1/2020 8:48,44.4,0,10.7,20.67,47.2,9,Sample,,,
4/1/2020 8:49,10.1,31.1,11.2,21.12,45.9,9,Sample,,,
4/1/2020 8:50,16.7,23.4,11.2,21.52,45.7,9.3,Sample,,,
4/1/2020 8:51,14.2,23.2,11.4,21.92,44.3,9.2,Sample,,,
4/1/2020 8:52,13.5,23.7,11,22.21,43.3,9.1,Sample,,,
4/1/2020 8:53,17.2,21.8,10.9,22.53,43.5,9.5,Sample,,,
4/1/2020 8:54,17.6,21,10.9,22.73,43.1,9.5,Sample,,,
4/1/2020 8:55,12.5,23.8,11,22.85,41.9,9.2,Sample,,,
4/1/2020 8:56,11.6,24.6,10.5,22.92,41.6,9.2,Sample,,,
4/1/2020 8:57,14,23.3,10.3,23.08,41.6,9.3,Sample,,,
4/1/2020 8:58,19,20.4,10.1,23.19,41.9,9.5,Sample,,,
4/1/2020 8:59,23.5,19.2,9.9,23.37,42,9.7,Sample,,,
4/1/2020 9:00,20.6,22.1,9.8,23.32,40.8,9.2,Sample,,,
4/1/2020 9:01,14.1,26,9.8,23.02,39.9,8.7,Sample,,,
4/1/2020 9:02,14.7,25.6,9.5,22.77,41.2,8.9,Sample,,,
4/1/2020 9:03,15.6,24.3,9.2,22.77,41.7,9.1,Sample,,,
4/1/2020 9:04,10.4,26.5,9.5,22.57,40.5,8.4,Sample,,,
4/1/2020 9:05,12.8,25.6,9.2,22.41,41.8,8.8,Sample,,,
4/1/2020 9:06,17.8,23.5,9.3,22.49,42.2,9,Sample,,,
4/1/2020 9:07,15.1,24.7,9.4,22.34,41.2,8.5,Sample,,,
4/1/2020 9:08,12.7,26.2,9.2,22.17,41.4,8.4,Sample,,,
4/1/2020 9:09,17.1,24.5,9.3,22.36,42.9,9.1,Sample,,,
4/1/2020 9:10,17.7,23.9,9.4,22.66,42,9.1,Sample,,,
4/1/2020 9:11,17.2,24.6,9.3,22.97,41.9,9.3,Sample,,,
4/1/2020 9:12,19.6,22.8,9.5,23.26,41.7,9.5,Sample,,,
4/1/2020 9:13,18.8,20.4,9.5,23.6,41.4,9.7,Sample,,,
4/1/2020 9:14,13.7,22.5,9,23.83,40.3,9.5,Sample,,,
4/1/2020 9:15,12.9,24,8.8,23.93,40,9.5,Sample,,,
4/1/2020 9:16,9.5,25.6,9.5,24,38.8,9.1,Sample,,,
4/1/2020 9:17,10.1,24.8,9.2,23.95,39.2,9.2,Sample,,,
4/1/2020 9:18,18.3,19,9.5,24.03,39.6,9.5,Sample,,,
4/1/2020 9:19,16,21,9.5,24.13,39,9.3,Sample,,,
4/1/2020 9:20,17.1,22.7,9.9,24.1,39.5,9.5,Sample,,,
4/1/2020 9:21,18.9,24.2,10.1,24.14,39.4,9.5,Sample,,,
4/1/2020 9:22,16.2,25.4,10.1,24.1,38.7,9.1,Sample,,,
4/1/2020 9:23,17.2,22.1,10.1,24.18,39.2,9.4,Sample,,,
4/1/2020 9:24,24,15.8,9.7,24.27,38.8,9.4,Sample,,,
4/1/2020 9:25,20.2,18.9,9.9,24.39,38.4,9.3,Sample,,,
4/1/2020 9:26,15.5,24.4,10,24.45,38.3,9.3,Sample,,,
4/1/2020 9:27,13.1,26.4,9.8,24.59,37.9,9.3,Sample,,,
4/1/2020 9:28,12.9,26.7,9.8,24.76,38,9.5,Sample,,,
4/1/2020 9:29,16.4,24.5,10,24.85,38,9.6,Sample,,,
4/1/2020 9:30,18.9,22.1,10,24.92,37.8,9.5,Sample,,,
4/1/2020 9:31,15.2,23.4,9.8,25.02,37.3,9.4,Sample,,,
4/1/2020 9:32,16.9,21.8,9.7,25.11,38,9.8,Sample,,,
4/1/2020 9:33,15,23,9.6,25.07,37.2,9.4,Sample,,,
4/1/2020 9:34,8.3,27,10,24.67,36.1,8.6,Sample,,,
4/1/2020 9:35,7.3,27.9,10.4,24.27,37.6,8.9,Sample,,,
4/1/2020 9:36,9.5,26.2,10.2,24.05,37.5,8.6,Sample,,,
4/1/2020 9:37,10.1,27.4,10.4,23.83,37.6,8.5,Sample,,,
4/1/2020 9:38,14.3,26.9,10.3,23.62,37.9,8.4,Sample,,,
4/1/2020 9:39,23.4,23.4,10.1,23.63,38.8,8.8,Sample,,,
4/1/2020 9:40,27,19.4,10.9,23.86,38.3,8.8,Sample,,,
4/1/2020 9:41,18.8,24,10.2,24.12,37.9,8.8,Sample,,,
4/1/2020 9:42,18.1,26.7,10,24.37,38.6,9.3,Sample,,,
4/1/2020 9:43,25.6,21,10.3,24.67,38.5,9.6,Sample,,,
4/1/2020 9:44,22.9,21.1,9.9,25.03,38,9.7,Sample,,,
4/1/2020 9:45,15.5,24.4,9.7,25.32,37.4,9.7,Sample,,,
4/1/2020 9:46,6,26.3,9.8,25.49,35.7,9.2,Sample,,,
4/1/2020 9:47,27.2,5.4,9.6,25.39,35.2,8.9,Sample,,,
4/1/2020 9:48,36.3,0,9.6,25.32,35.7,9,Sample,,,
4/1/2020 9:49,17.3,20,9.4,25.3,36.3,9.3,Sample,,,
4/1/2020 9:50,17.9,22,9.5,25.35,36.6,9.4,Sample,,,
4/1/2020 9:51,15.5,24.5,9.5,25.6,36.7,9.7,Sample,,,
4/1/2020 9:52,12.8,24.8,9.3,25.8,36.5,9.8,Sample,,,
4/1/2020 9:53,17.9,22.4,9,26.01,36.8,10.1,Sample,,,
4/1/2020 9:54,18.9,22.3,8.8,26.14,36.5,10.1,Sample,,,
4/1/2020 9:55,10.4,27.5,8.4,25.85,35.6,9.5,Sample,,,
4/1/2020 9:56,3.4,31.5,8.6,25.21,34.2,8.3,Sample,,,
4/1/2020 9:57,5.1,30.8,8.4,24.62,36.6,8.8,Sample,,,
4/1/2020 9:58,9.3,30.4,8.5,24.31,37,8.7,Sample,,,
4/1/2020 9:59,15.8,29.2,8.4,24.11,37.7,8.8,Sample,,,
4/1/2020 10:00,24.9,26.1,8.5,24.44,38.4,9.3,Sample,,,
4/1/2020 10:01,22.3,28.1,8.1,24.79,38,9.5,Sample,,,
4/1/2020 10:02,18,29,8,24.8,37.3,9.2,Sample,,,
4/1/2020 10:03,18.3,28.2,8.2,25.01,37.1,9.3,Sample,,,
4/1/2020 10:04,14.8,28,8.5,25.23,36.7,9.4,Sample,,,
4/1/2020 10:05,9.3,32,8.6,25.42,35.8,9.2,Sample,,,
4/1/2020 10:06,10.1,33.5,8.1,25.48,35.5,9.1,Sample,,,
4/1/2020 10:07,10.5,34.2,7.5,25.6,35.9,9.4,Sample,,,
4/1/2020 10:08,10.9,32.5,7.4,25.65,35.8,9.4,Sample,,,
4/1/2020 10:09,14.3,28.5,7,25.89,36,9.7,Sample,,,
4/1/2020 10:10,16.9,27.5,7.2,26.17,35.5,9.7,Sample,,,
4/1/2020 10:11,12.8,31.1,7.7,26.32,34.7,9.5,Sample,,,
4/1/2020 10:12,5,36.9,7.4,26.11,34,9,Sample,,,
4/1/2020 10:13,45.1,0,7.1,25.95,33.6,8.7,Sample,,,
4/1/2020 10:14,46.3,0,7,25.98,34.3,9,Sample,,,
4/1/2020 10:15,0,44.5,6.7,26,34.5,9.2,Sample,,,
4/1/2020 10:16,1.5,43.3,7.2,26.15,34.3,9.2,Sample,,,
4/1/2020 10:17,3.8,38.8,7.4,25.83,32.9,8.3,Sample,,,
4/1/2020 10:18,5,39.6,7.4,25.53,34.6,8.8,Sample,,,
4/1/2020 10:19,7.7,40.7,6.9,25.41,34.5,8.6,Sample,,,
4/1/2020 10:20,6.7,41.7,6.6,25.32,34.2,8.4,Sample,,,
4/1/2020 10:21,53,0,6.5,25.17,33.7,8.1,Sample,,,
4/1/2020 10:22,52.3,0,7.1,24.85,32.9,7.4,Sample,,,
4/1/2020 10:23,29.6,21.1,7,24.31,33.3,7.1,Sample,,,
4/1/2020 10:24,-0.9,51.6,6.9,24.25,34.6,7.6,Sample,,,
4/1/2020 10:25,8.9,45.7,7.1,24.5,35.7,8.3,Sample,,,
4/1/2020 10:26,13.1,41.9,6.8,24.74,34.5,8,Sample,,,
4/1/2020 10:27,18.9,35.6,6.5,25.02,34.7,8.3,Sample,,,
4/1/2020 10:28,14.4,37.1,6.5,25.41,34.6,8.7,Sample,,,
4/1/2020 10:29,9.4,38.8,6.3,25.68,34.1,8.7,Sample,,,
4/1/2020 10:30,15.7,34.3,6.5,25.97,34,8.9,Sample,,,
4/1/2020 10:31,14.2,35.8,6.5,26.11,33.7,8.9,Sample,,,
4/1/2020 10:32,11.8,38.1,6.8,26,33.7,8.8,Sample,,,
4/1/2020 10:33,16.3,33.9,6.5,26.04,34,8.9,Sample,,,
4/1/2020 10:34,18.9,32.6,6.4,26.37,34.1,9.3,Sample,,,
4/1/2020 10:35,18.8,32.6,6.5,26.58,33.5,9.2,Sample,,,
4/1/2020 10:36,13.4,35.3,6.2,26.6,32.8,8.9,Sample,,,
4/1/2020 10:37,12.2,37.1,6.6,26.59,33.2,9.1,Sample,,,
4/1/2020 10:38,11.8,37.9,6.3,26.58,32.6,8.8,Sample,,,
4/1/2020 10:39,6.3,41.6,6.3,26.26,32.2,8.4,Sample,,,
4/1/2020 10:40,11.2,37.9,6.6,26.22,33.6,8.9,Sample,,,
4/1/2020 10:41,11.7,37.9,6.7,26.37,33.7,9.1,Sample,,,
4/1/2020 10:42,8.3,39.2,6.7,26.42,33.3,9,Sample,,,
4/1/2020 10:43,9.9,38,6.6,26.52,33.5,9.2,Sample,,,
4/1/2020 10:44,13.6,36.8,6.5,26.52,33.7,9.3,Sample,,,
4/1/2020 10:45,18.2,32.9,5.9,26.67,34.1,9.5,Sample,,,
4/1/2020 10:46,15.6,33.2,6.2,26.9,33.6,9.5,Sample,,,
4/1/2020 10:47,10.6,35.7,6.2,27.13,33.1,9.5,Sample,,,
4/1/2020 10:48,3.3,40.1,5.8,27.08,31.2,8.6,Sample,,,
4/1/2020 10:49,-0.1,43.9,5.7,26.78,31.4,8.4,Sample,,,
4/1/2020 10:50,4.8,43.6,5.6,26.61,32,8.6,Sample,,,
4/1/2020 10:51,14.5,39.1,5.9,26.6,33.5,9.2,Sample,,,
4/1/2020 10:52,14.6,38.6,6,26.65,33.2,9.1,Sample,,,
4/1/2020 10:53,9.6,41.5,6,26.67,33.1,9.1,Sample,,,
4/1/2020 10:54,3.6,45.5,6,26.51,31.6,8.3,Sample,,,
4/1/2020 10:55,5.8,45.5,6.3,26.3,31.9,8.2,Sample,,,
4/1/2020 10:56,7.6,44,6.2,26.03,31.9,8,Sample,,,
4/1/2020 10:57,8.9,42.9,5.7,26.09,32.5,8.3,Sample,,,
4/1/2020 10:58,14.9,41.4,5.8,26.24,33.7,9,Sample,,,
4/1/2020 10:59,16.6,40.7,5.6,26.48,33.3,9,Sample,,,
4/1/2020 11:00,11.5,42.4,5.5,26.68,32.7,8.9,Sample,,,
4/1/2020 11:01,6.3,42.9,5.8,26.88,31.3,8.5,Sample,,,
4/1/2020 11:02,5.3,45.5,5.6,26.81,31,8.3,Sample,,,
4/1/2020 11:03,12.2,43.4,5.7,26.81,31.9,8.7,Sample,,,
4/1/2020 11:04,11.7,43.1,5.5,26.94,31.7,8.7,Sample,,,
4/1/2020 11:05,5.3,45.6,5.3,26.86,30.7,8.1,Sample,,,
4/1/2020 11:06,7.5,44.6,5.1,26.88,31.7,8.6,Sample,,,
4/1/2020 11:07,13.5,40,5.6,27.03,30.7,8.3,Sample,,,
4/1/2020 11:08,16.4,38,5.5,27.29,31.6,8.9,Sample,,,
4/1/2020 11:09,18.6,35.9,5.5,27.68,31.6,9.3,Sample,,,
4/1/2020 11:10,12.7,37.8,5.3,27.9,30.1,8.8,Sample,,,
4/1/2020 11:11,7.6,42.1,5.4,27.73,30.5,8.8,Sample,,,
4/1/2020 11:12,4.6,45.4,5.2,27.42,29.8,8.2,Sample,,,
4/1/2020 11:13,6.1,45.4,4.8,27.37,31.5,9,Sample,,,
4/1/2020 11:14,8.9,42.5,5.2,27.33,30.8,8.6,Sample,,,
4/1/2020 11:15,9.5,42.9,5.1,27.27,30.9,8.6,Sample,,,
4/1/2020 11:16,14.7,41.6,5,27.36,31.6,9,Sample,,,
4/1/2020 11:17,26.5,32.9,4.9,27.5,31.9,9.3,Sample,,,
4/1/2020 11:18,26.4,30.2,5.1,27.67,30.8,8.9,Sample,,,
4/1/2020 11:19,6.8,43.8,5.3,27.6,29.9,8.4,Sample,,,
4/1/2020 11:20,8.1,43.8,5.4,27.5,30.2,8.5,Sample,,,
4/1/2020 11:21,11.5,43.6,5.6,27.54,30.4,8.6,Sample,,,
4/1/2020 11:22,8.2,46.9,6,27.61,30.1,8.5,Sample,,,
4/1/2020 11:23,5.1,47.1,6.1,27.49,28.6,7.7,Sample,,,
4/1/2020 11:24,2.7,50,5.8,27.24,29.7,8,Sample,,,
4/1/2020 11:25,8.8,46.8,5.7,27.35,29.9,8.2,Sample,,,
4/1/2020 11:26,31.1,29.4,5.3,27.7,30.8,8.9,Sample,,,
4/1/2020 11:27,32.4,27.6,5.4,28.11,30.3,9,Sample,,,
4/1/2020 11:28,16.2,40.9,5,28.45,30.1,9.3,Sample,,,
4/1/2020 11:29,16.9,38.4,5,28.76,30.1,9.5,Sample,,,
4/1/2020 11:30,12.7,36.9,5.1,29.1,29.6,9.5,Sample,,,
4/1/2020 11:31,18.3,29.6,5.1,29.26,29.5,9.6,Sample,,,
4/1/2020 11:32,23.3,27.4,4.8,29.3,29.8,9.8,Sample,,,
4/1/2020 11:33,13.6,37.2,5.4,29.3,29.9,9.9,Sample,,,
4/1/2020 11:34,13.7,35.4,5.1,29.3,29,9.4,Sample,,,
4/1/2020 11:35,5.7,42.7,5.9,29.15,29.2,9.4,Sample,,,
4/1/2020 11:36,5.8,44.4,5.8,29,29.9,9.6,Sample,,,
4/1/2020 11:37,9.8,41.2,5.6,29,29.6,9.5,Sample,,,
4/1/2020 11:38,10.2,40.5,5.7,29.08,29.5,9.5,Sample,,,
4/1/2020 11:39,14.5,35.1,5.6,29.2,29,9.3,Sample,,,
4/1/2020 11:40,24.6,27.3,5.5,29.24,28.7,9.2,Sample,,,
4/1/2020 11:41,19.2,34.7,5.3,29.27,29,9.4,Sample,,,
4/1/2020 11:42,11.9,42.4,5.6,29.05,29.2,9.3,Sample,,,
4/1/2020 11:43,14.4,41.3,5.5,29,29.5,9.4,Sample,,,
4/1/2020 11:44,11.6,43.1,5.6,28.98,28.2,8.8,Sample,,,
4/1/2020 11:45,15.7,38.5,5.6,28.95,28.5,8.9,Sample,,,
4/1/2020 11:46,16.2,37.7,5.9,29.15,28.8,9.2,Sample,,,
4/1/2020 11:47,14.9,38.1,5.7,29.08,27.9,8.7,Sample,,,
4/1/2020 11:48,9.2,43.3,6,28.73,28,8.4,Sample,,,
4/1/2020 11:49,7.1,47,6,28.59,28.1,8.3,Sample,,,
4/1/2020 11:50,14.2,44.1,5.5,28.62,28.8,8.7,Sample,,,
4/1/2020 11:51,16.1,44.1,5.8,28.79,29.4,9.2,Sample,,,
4/1/2020 11:52,15,42.5,5.7,28.79,28.5,8.7,Sample,,,
4/1/2020 11:53,15.5,40.6,5.8,28.74,28.5,8.7,Sample,,,
4/1/2020 11:54,10.6,41.4,5.9,28.86,28.4,8.7,Sample,,,
4/1/2020 11:55,8.2,40.9,5.9,28.9,28.4,8.8,Sample,,,
4/1/2020 11:56,5.9,45.7,5.9,28.86,28.1,8.6,Sample,,,
4/1/2020 11:57,9.8,45.6,5.8,28.77,28.5,8.7,Sample,,,
4/1/2020 11:58,10.1,46.1,5.3,28.83,29.1,9.1,Sample,,,
4/1/2020 11:59,14.3,40.1,5.4,28.98,29,9.1,Sample,,,
4/1/2020 12:00,11.9,40.5,5.9,29.1,28.3,8.9,Sample,,,
4/1/2020 12:01,6.2,45.3,6.1,29.1,28.3,8.9,Sample,,,
4/1/2020 12:02,6.7,46,6.3,29.15,29,9.3,Sample,,,
4/1/2020 12:03,6.7,46.3,6.1,29.14,28.6,9.1,Sample,,,
4/1/2020 12:04,2,50.1,5.9,28.92,28.6,8.9,Sample,,,
4/1/2020 12:05,2.2,50,5.9,28.57,28,8.2,Sample,,,
4/1/2020 12:06,3,51.9,6.1,28.17,28.1,8,Sample,,,
4/1/2020 12:07,5.3,52.3,6.3,27.91,29.9,8.7,Sample,,,
4/1/2020 12:08,9.6,48.4,6.4,28.03,29.5,8.6,Sample,,,
4/1/2020 12:09,11.3,48.9,6.1,28.29,30.5,9.3,Sample,,,
4/1/2020 12:10,9.6,50,6.3,28.36,29.1,8.7,Sample,,,
4/1/2020 12:11,10,47.7,6.7,28.39,29,8.6,Sample,,,
4/1/2020 12:12,5.2,50.9,6.8,28.5,28.1,8.3,Sample,,,
4/1/2020 12:13,9.6,49.8,6.4,28.58,28.4,8.5,Sample,,,
4/1/2020 12:14,9.1,50.4,6.7,28.63,27.5,8,Sample,,,
4/1/2020 12:15,11.6,49.1,6.3,28.59,27.9,8.2,Sample,,,
4/1/2020 12:16,20.1,46.8,6.3,28.63,28.4,8.6,Sample,,,
4/1/2020 12:17,20,46.7,6.2,28.83,28.3,8.6,Sample,,,
4/1/2020 12:18,18.2,44.9,6.3,29.08,28.2,8.8,Sample,,,
4/1/2020 12:19,20.1,40.4,6.4,29.3,28.4,9.1,Sample,,,
4/1/2020 12:20,9.5,42.8,6.6,29.48,27.3,8.7,Sample,,,
4/1/2020 12:21,-1.4,48.9,6.6,29.58,27.3,8.7,Sample,,,
4/1/2020 12:22,10,40.9,6.1,29.69,27.4,8.9,Sample,,,
4/1/2020 12:23,57.4,0,6,29.8,27.2,8.9,Sample,,,
4/1/2020 12:24,61.1,0,5.8,29.73,28.1,9.3,Sample,,,
4/1/2020 12:25,54,6.7,6.3,29.53,27.1,8.6,Sample,,,
4/1/2020 12:26,-9.6,65.1,6.1,29.35,27.8,8.8,Sample,,,
4/1/2020 12:27,-1.5,58.6,6.2,29.36,27.3,8.6,Sample,,,
4/1/2020 12:28,1.2,56.7,6.2,29.14,27.6,8.5,Sample,,,
4/1/2020 12:29,9.2,52.1,6,28.98,27.9,8.6,Sample,,,
4/1/2020 12:30,9.8,53.9,5.9,28.83,27.8,8.4,Sample,,,
4/1/2020 12:31,5,56.5,6.2,28.71,27.3,8,Sample,,,
4/1/2020 12:32,3.4,57.3,6.3,28.63,29,8.9,Sample,,,
4/1/2020 12:33,11.8,51.8,6.1,28.7,29.3,9,Sample,,,
4/1/2020 12:34,14.8,48.8,6.3,28.98,28.7,9,Sample,,,
4/1/2020 12:35,11.5,49.3,5.9,29.29,28.1,9,Sample,,,
4/1/2020 12:36,7.9,49.1,5.5,29.48,27.5,8.8,Sample,,,
4/1/2020 12:37,-3,53.8,5.8,29.29,26.5,8.1,Sample,,,
4/1/2020 12:38,-4.8,53.7,5.4,29.13,27.6,8.5,Sample,,,
4/1/2020 12:39,-3.2,54.4,5.8,29.02,27.3,8.3,Sample,,,
4/1/2020 12:40,-3,58.2,6.1,28.91,27.9,8.5,Sample,,,
4/1/2020 12:41,8.7,52.9,5.5,28.98,28,8.6,Sample,,,
4/1/2020 12:42,3.9,55.7,5.5,28.92,27.1,8.1,Sample,,,
4/1/2020 12:43,3.6,56.7,5.6,28.71,28.3,8.6,Sample,,,
4/1/2020 12:44,5.2,56,5.6,28.62,27.2,7.9,Sample,,,
4/1/2020 12:45,7.6,55,5.5,28.5,28.2,8.3,Sample,,,
4/1/2020 12:46,11.3,53.7,5.7,28.64,28.4,8.6,Sample,,,
4/1/2020 12:47,5.1,57.2,5.9,28.7,27.4,8.1,Sample,,,
4/1/2020 12:48,5.1,55.9,5.8,28.58,27.3,7.9,Sample,,,
4/1/2020 12:49,9.1,55.9,5.8,28.6,27.9,8.2,Sample,,,
4/1/2020 12:50,6.3,58.3,5.5,28.69,26.7,7.7,Sample,,,
4/1/2020 12:51,6.8,57.7,5.6,28.62,27.6,8.1,Sample,,,
4/1/2020 12:52,12.6,52.4,5.3,28.86,27.9,8.5,Sample,,,
4/1/2020 12:53,11.7,52.3,5,29.18,28.7,9.1,Sample,,,
4/1/2020 12:54,7.4,54.5,5.5,29.2,27.8,8.7,Sample,,,
4/1/2020 12:55,2.6,55.9,5.5,28.68,26.3,7.4,Sample,,,
4/1/2020 12:56,-0.5,59.9,5.5,28.19,26.2,7,Sample,,,
4/1/2020 12:57,6.5,55.6,5.5,28.27,29.2,8.7,Sample,,,
4/1/2020 12:58,15.1,47,5.3,28.7,27.9,8.3,Sample,,,
4/1/2020 12:59,16,44.2,5.4,29.17,27,8.3,Sample,,,
4/1/2020 13:00,11.5,46.8,5.2,29.52,26.8,8.5,Sample,,,
4/1/2020 13:01,11.8,48.7,5.2,29.71,27,8.7,Sample,,,
4/1/2020 13:02,3.7,53.6,5,29.58,26.2,8.2,Sample,,,
4/1/2020 13:03,-3.8,57.2,5.3,29.37,25.9,7.8,Sample,,,
4/1/2020 13:04,-0.3,56,5.1,29.23,26.6,8.1,Sample,,,
4/1/2020 13:05,0.9,56,5.1,29.01,25.9,7.5,Sample,,,
4/1/2020 13:06,-0.4,57.4,5,28.59,25.7,7,Sample,,,
4/1/2020 13:07,7.7,52.4,4.7,28.43,27.8,8,Sample,,,
4/1/2020 13:08,15,46.5,5.2,28.77,27.7,8.3,Sample,,,
4/1/2020 13:09,10.3,50.5,5.3,28.92,27.8,8.5,Sample,,,
4/1/2020 13:10,9.1,50.3,5.6,29.07,27.3,8.3,Sample,,,
4/1/2020 13:11,12.8,50.6,5.4,29.13,27.7,8.6,Sample,,,
4/1/2020 13:12,16.1,49.7,5.2,29.41,27.9,9,Sample,,,
4/1/2020 13:13,10.5,51.4,5.1,29.66,27.8,9.1,Sample,,,
4/1/2020 13:14,8,50.1,5.4,29.49,27.4,8.7,Sample,,,
4/1/2020 13:15,6.6,51.1,5.3,29.3,27.7,8.7,Sample,,,
4/1/2020 13:16,10.8,48.4,5.4,29.34,28.3,9.1,Sample,,,
4/1/2020 13:17,4.5,52.9,5.5,29.19,27.1,8.3,Sample,,,
4/1/2020 13:18,0.8,56.4,5.4,28.88,27.3,8.2,Sample,,,
4/1/2020 13:19,5.9,54.4,5,28.7,28.5,8.7,Sample,,,
4/1/2020 13:20,7.2,54.3,5,28.84,28.5,8.8,Sample,,,
4/1/2020 13:21,6.7,51.5,5.7,28.82,27.6,8.3,Sample,,,
4/1/2020 13:22,3.3,55.9,5.5,28.58,29,8.8,Sample,,,
4/1/2020 13:23,9.5,52.9,5.5,28.48,28.8,8.6,Sample,,,
4/1/2020 13:24,6.9,54.2,5.4,28.47,28.8,8.6,Sample,,,
4/1/2020 13:25,6.8,55.2,5.7,28.38,29.3,8.8,Sample,,,
4/1/2020 13:26,9.1,52.8,5.5,28.5,29.4,8.9,Sample,,,
4/1/2020 13:27,8.9,51.2,5.4,28.6,29.2,8.9,Sample,,,
4/1/2020 13:28,2.6,55.6,6,28.38,28.2,8.2,Sample,,,
4/1/2020 13:29,10.8,48.4,5.5,28.07,30,8.9,Sample,,,
4/1/2020 13:30,8.9,50.9,5.4,27.9,30.1,8.8,Sample,,,
4/1/2020 13:31,6.3,54.1,5.4,27.76,31,9.1,Sample,,,
4/1/2020 13:32,5.4,56.2,5.8,27.55,30.9,8.9,Sample,,,
4/1/2020 13:33,1.8,58.8,5.8,27.33,31.2,8.8,Sample,,,
4/1/2020 13:34,1,58.2,5.7,26.89,29.9,7.8,Sample,,,
4/1/2020 13:35,5.3,54.4,5.4,26.52,32.2,8.5,Sample,,,
4/1/2020 13:36,8.9,51.8,4.9,26.59,32.2,8.6,Sample,,,
4/1/2020 13:37,11.8,50.7,5.1,26.66,33.7,9.3,Sample,,,
4/1/2020 13:38,7.6,52.6,5.6,26.7,32.1,8.7,Sample,,,
4/1/2020 13:39,3.8,53.8,5.7,26.7,31.5,8.4,Sample,,,
4/1/2020 13:40,0.2,56.4,5.7,26.76,31.2,8.3,Sample,,,
4/1/2020 13:41,-0.7,58.1,5.6,26.67,31.2,8.2,Sample,,,
4/1/2020 13:42,6.7,55.2,5.6,26.6,31.4,8.2,Sample,,,
4/1/2020 13:43,21.7,43.3,6.2,26.49,32.1,8.5,Sample,,,
4/1/2020 13:44,11,54.9,6.8,26.31,33,8.7,Sample,,,
4/1/2020 13:45,4.3,61.7,6.5,26.08,33.4,8.7,Sample,,,
4/1/2020 13:46,5.3,59.5,7.3,25.83,33.5,8.5,Sample,,,
4/1/2020 13:47,5.5,59.4,7.8,25.44,33.4,8.2,Sample,,,
4/1/2020 13:48,9.4,57,7.6,25.16,34.8,8.5,Sample,,,
4/1/2020 13:49,12.3,55.6,7.2,25.1,36.2,9,Sample,,,
4/1/2020 13:50,11.6,55.2,7,25.12,35.9,9,Sample,,,
4/1/2020 13:51,8.9,56.9,7.1,25.11,36.4,9.2,Sample,,,
4/1/2020 13:52,11.3,52.8,7.3,25.17,36.2,9.1,Sample,,,
4/1/2020 13:53,4.8,58,7.2,25.13,36.8,9.3,Sample,,,
4/1/2020 13:54,9.3,53.3,7.1,25.13,36.6,9.2,Sample,,,
4/1/2020 13:55,6.2,54.8,7.2,25.1,36.5,9.2,Sample,,,
4/1/2020 13:56,7.8,52.9,6.8,25.02,36.4,9.1,Sample,,,
4/1/2020 13:57,16.8,45.5,7.4,25,36.9,9.3,Sample,,,
4/1/2020 13:58,14.5,47.8,7.7,25,36.5,9.1,Sample,,,
4/1/2020 13:59,5.5,55.2,7.6,25,36.5,9.1,Sample,,,
4/1/2020 14:00,-0.4,60.6,7.6,24.84,35.9,8.7,Sample,,,
4/1/2020 14:01,9.4,52.4,7.4,24.75,36.7,9,Sample,,,
4/1/2020 14:02,10.2,52.4,7.2,24.75,37.9,9.4,Sample,,,
4/1/2020 14:03,-0.1,61.3,7.9,24.58,36.6,8.7,Sample,,,
4/1/2020 14:04,-0.1,61.7,7.8,24.35,36.8,8.6,Sample,,,
4/1/2020 14:05,1.9,62,7.7,24.16,37.5,8.8,Sample,,,
4/1/2020 14:06,7.4,58.4,7.3,24.18,38.4,9.1,Sample,,,
4/1/2020 14:07,72.1,0,7.1,24.25,38.9,9.4,Sample,,,
4/1/2020 14:08,71.4,0,7.2,24.39,38,9.2,Sample,,,
4/1/2020 14:09,31.2,34.9,8.1,24.39,37.7,9,Sample,,,
4/1/2020 14:10,-11.1,72.2,8.4,24.35,37.8,9,Sample,,,
4/1/2020 14:11,-2.2,64.7,7.9,24.36,38.1,9.2,Sample,,,
4/1/2020 14:12,1.4,61.5,7.5,24.38,37.7,9,Sample,,,
4/1/2020 14:13,-2.4,64.2,7.4,24.32,37.3,8.8,Sample,,,
4/1/2020 14:14,13.4,50.4,7.8,24.29,37.5,8.9,Sample,,,
4/1/2020 14:15,13.6,51,8,24.32,37.8,9,Sample,,,
4/1/2020 14:16,9.6,54.3,7.8,24.4,37.9,9.1,Sample,,,
4/1/2020 14:17,5.6,57.9,7.5,24.37,38.2,9.2,Sample,,,
4/1/2020 14:18,4.6,59.1,7.7,24.23,38,9,Sample,,,
4/1/2020 14:19,8.3,55.7,7.2,24.18,38.6,9.2,Sample,,,
4/1/2020 14:20,5.7,57.4,7.2,24.16,38.5,9.2,Sample,,,
4/1/2020 14:21,3.3,60,7.4,24.02,38.9,9.2,Sample,,,
4/1/2020 14:22,7.4,57.1,7.1,24.01,39.5,9.4,Sample,,,
4/1/2020 14:23,70.5,0,6.6,24.09,40.1,9.7,Sample,,,
4/1/2020 14:24,69.7,0,6.8,24.22,39.6,9.6,Sample,,,
4/1/2020 14:25,-2.7,64.3,6.8,24.31,39.3,9.6,Sample,,,
4/1/2020 14:26,-1,61,7.1,24.36,38.7,9.4,Sample,,,
4/1/2020 14:27,5.1,55.7,6.7,24.37,39.7,9.8,Sample,,,
4/1/2020 14:28,3.1,58,6.8,24.28,39.5,9.6,Sample,,,
4/1/2020 14:29,4.8,57,6.7,24.29,40.1,9.9,Sample,,,
4/1/2020 14:30,11.7,49.7,7.4,24.19,38.4,9.1,Sample,,,
4/1/2020 14:31,15.5,47.5,7.3,23.94,38.8,9,Sample,,,
4/1/2020 14:32,0.6,62.7,7.6,23.73,38.4,8.7,Sample,,,
4/1/2020 14:33,1.8,63,7.4,23.55,39,8.8,Sample,,,
4/1/2020 14:34,8.9,60.3,7,23.5,39.7,9,Sample,,,
4/1/2020 14:35,9.4,61.8,7,23.43,39.9,9,Sample,,,
4/1/2020 14:36,12.7,58.4,6.6,23.42,40.4,9.2,Sample,,,
4/1/2020 14:37,15.7,54.9,6.7,23.5,40.3,9.2,Sample,,,
4/1/2020 14:38,8.7,60,6.7,23.5,40,9.1,Sample,,,
4/1/2020 14:39,4.4,62.4,7.1,23.43,39.8,9,Sample,,,
4/1/2020 14:40,5.3,61.4,7.1,23.38,40.3,9.1,Sample,,,
4/1/2020 14:41,7.5,58.7,6.4,23.37,40.6,9.2,Sample,,,
4/1/2020 14:42,8.3,57.8,8.1,23.34,41.1,9.4,Sample,,,
4/1/2020 14:43,8.5,57.4,7.7,23.29,41.1,9.3,Sample,,,
4/1/2020 14:44,8.3,56.3,7.2,23.28,41.6,9.5,Sample,,,
4/1/2020 14:45,11.6,52,7.1,23.24,41.4,9.4,Sample,,,
4/1/2020 14:46,8.6,52,6.9,23.3,41.3,9.4,Sample,,,
4/1/2020 14:47,4.1,55.4,7,23.3,41.8,9.6,Sample,,,
4/1/2020 14:48,6.5,53.1,7.2,23.38,41.8,9.7,Sample,,,
4/1/2020 14:49,-0.9,59.6,7.1,23.39,41.3,9.5,Sample,,,
4/1/2020 14:50,-0.1,60.2,7.3,23.27,41.2,9.4,Sample,,,
4/1/2020 14:51,1.1,60.8,7.4,23.2,41.5,9.4,Sample,,,
4/1/2020 14:52,5.6,58,7.2,23.2,42.3,9.7,Sample,,,
4/1/2020 14:53,6.2,57,7.3,23.24,42.2,9.7,Sample,,,
4/1/2020 14:54,5.3,56.6,7.4,23.29,42.3,9.8,Sample,,,
4/1/2020 14:55,4.8,56.2,6.8,23.3,42.1,9.7,Sample,,,
4/1/2020 14:56,5.8,53.6,6.9,23.23,41.8,9.5,Sample,,,
4/1/2020 14:57,6.2,52.7,6.7,23.29,42.5,9.8,Sample,,,
4/1/2020 14:58,8,51.4,6.3,23.3,42.8,9.9,Sample,,,
4/1/2020 14:59,6.5,53.3,6.6,23.36,43.5,10.2,Sample,,,
4/1/2020 15:00,0.9,58.3,7.3,23.31,42.2,9.7,Sample,,,
4/1/2020 15:01,0.3,58.8,7,23.2,42.2,9.6,Sample,,,
4/1/2020 15:02,1.7,57.4,7.3,23.09,42.1,9.5,Sample,,,
4/1/2020 15:03,1.6,58,7.5,22.94,42.1,9.4,Sample,,,
4/1/2020 15:04,1.4,59.3,7.6,22.82,42.5,9.4,Sample,,,
4/1/2020 15:05,8.5,54,6.3,22.81,43.8,9.8,Sample,,,
4/1/2020 15:06,7.3,54.7,6.1,22.9,43.8,9.9,Sample,,,
4/1/2020 15:07,5.1,55.5,6.1,22.9,43.8,9.9,Sample,,,
4/1/2020 15:08,4,55.8,6.5,22.98,43.5,9.9,Sample,,,
4/1/2020 15:09,7.8,49.8,6.9,22.98,43.1,9.8,Sample,,,
4/1/2020 15:10,7.9,48.9,6.4,22.99,43.1,9.8,Sample,,,
4/1/2020 15:11,-1.3,57.9,6.3,22.9,42.3,9.4,Sample,,,
4/1/2020 15:12,0.2,57,6.6,22.9,43.8,9.9,Sample,,,
4/1/2020 15:13,1.7,55.7,6.9,22.98,43,9.7,Sample,,,
4/1/2020 15:14,-1.4,58.4,6.3,22.9,41.8,9.2,Sample,,,
4/1/2020 15:15,-0.3,58.2,6.5,22.81,42.3,9.3,Sample,,,
4/1/2020 15:16,2.8,56,6.4,22.77,42.6,9.4,Sample,,,
4/1/2020 15:17,1.3,57.2,6.1,22.7,42,9.1,Sample,,,
4/1/2020 15:18,2.5,57,6.2,22.64,42.7,9.3,Sample,,,
4/1/2020 15:19,4.9,55.4,6.3,22.67,43.2,9.5,Sample,,,
4/1/2020 15:20,4.7,55,5.8,22.68,42.9,9.4,Sample,,,
4/1/2020 15:21,3.2,56.4,5.3,22.69,43,9.5,Sample,,,
4/1/2020 15:22,2.9,57.2,5.4,22.7,43.2,9.5,Sample,,,
4/1/2020 15:23,3.1,56.6,5.5,22.8,42.9,9.5,Sample,,,
4/1/2020 15:24,7.6,51.9,5.6,22.9,43.3,9.8,Sample,,,
4/1/2020 15:25,2.1,56.1,6.1,22.9,41.8,9.2,Sample,,,
4/1/2020 15:26,6.6,51.7,5.4,22.93,42.4,9.5,Sample,,,
4/1/2020 15:27,7.6,50.7,5.3,22.92,42,9.3,Sample,,,
4/1/2020 15:28,1.9,56,5.8,22.83,41.7,9.1,Sample,,,
4/1/2020 15:29,3.8,55.8,5.9,22.71,42.2,9.2,Sample,,,
4/1/2020 15:30,4.4,56.3,5.3,22.7,41.9,9.1,Sample,,,
4/1/2020 15:31,7,54.5,4.9,22.7,42.1,9.2,Sample,,,
4/1/2020 15:32,10.2,51.7,5.1,22.7,43,9.5,Sample,,,
4/1/2020 15:33,5.8,55.5,5.2,22.73,42.5,9.3,Sample,,,
4/1/2020 15:34,5.4,55.5,5.5,22.78,42.3,9.3,Sample,,,
4/1/2020 15:35,0.8,58.6,5.2,22.68,41.1,8.8,Sample,,,
4/1/2020 15:36,1.2,57.4,5.8,22.58,41.3,8.8,Sample,,,
4/1/2020 15:37,-0.8,59.4,5.3,22.47,41.2,8.6,Sample,,,
4/1/2020 15:38,2.3,57.2,5,22.48,42.2,9,Sample,,,
4/1/2020 15:39,3.8,55.7,4.6,22.48,42,8.9,Sample,,,
4/1/2020 15:40,2.1,56.8,4.6,22.44,41.6,8.7,Sample,,,
4/1/2020 15:41,2.5,56.6,4.7,22.4,41.3,8.6,Sample,,,
4/1/2020 15:42,3.3,55.9,4.7,22.35,41.1,8.5,Sample,,,
4/1/2020 15:43,38.6,24.3,4.7,22.3,41.5,8.6,Sample,,,
4/1/2020 15:44,19.8,42,4.6,22.29,42.2,8.8,Sample,,,
4/1/2020 15:45,1,59.2,4.9,22.33,42.4,8.9,Sample,,,
4/1/2020 15:46,4.4,55.7,4.9,22.4,42.1,8.9,Sample,,,
4/1/2020 15:47,1.5,58,5.1,22.4,41.4,8.6,Sample,,,
4/1/2020 15:48,0.5,59.2,4.9,22.4,41,8.5,Sample,,,
4/1/2020 15:49,0.4,59.7,5.1,22.32,40.7,8.3,Sample,,,
4/1/2020 15:50,1.8,58.8,4.9,22.23,41.2,8.4,Sample,,,
4/1/2020 15:51,6.9,54.6,4.9,22.23,42,8.7,Sample,,,
4/1/2020 15:52,7.5,53.7,4.6,22.3,41.7,8.6,Sample,,,
4/1/2020 15:53,4.2,55.9,4.4,22.31,40.9,8.4,Sample,,,
4/1/2020 15:54,4.8,55.2,5.3,22.28,40.7,8.3,Sample,,,
4/1/2020 15:55,4.6,55.2,5.2,22.27,40.8,8.3,Sample,,,
4/1/2020 15:56,2.5,57.2,4.8,22.18,40.9,8.3,Sample,,,
4/1/2020 15:57,4.4,57.1,4.4,22.17,41.8,8.6,Sample,,,
4/1/2020 15:58,7.7,54.3,3.9,22.23,41.8,8.6,Sample,,,
4/1/2020 15:59,4.6,56,3.8,22.29,41.3,8.5,Sample,,,
4/1/2020 16:00,4.6,55.7,3.7,22.33,41.1,8.5,Sample,,,
4/1/2020 16:01,6.1,52.6,3.8,22.39,41.3,8.6,Sample,,,
4/1/2020 16:02,1.8,55.2,3.8,22.4,40.8,8.4,Sample,,,
4/1/2020 16:03,0.3,56.6,3.6,22.43,40.9,8.5,Sample,,,
4/1/2020 16:04,1.3,56.2,4.1,22.5,40.9,8.6,Sample,,,
4/1/2020 16:05,2.6,55.3,4.1,22.5,41,8.6,Sample,,,
4/1/2020 16:06,1.8,55.6,4.2,22.5,40.7,8.5,Sample,,,
4/1/2020 16:07,4.4,52.4,4.4,22.51,40.6,8.4,Sample,,,
4/1/2020 16:08,3,53.9,4,22.44,40.4,8.3,Sample,,,
4/1/2020 16:09,-0.1,57.1,3.9,22.38,40.4,8.3,Sample,,,
4/1/2020 16:10,4.7,52.5,3.8,22.34,40.9,8.4,Sample,,,
4/1/2020 16:11,4.6,52.2,3.5,22.37,41.1,8.5,Sample,,,
4/1/2020 16:12,1.2,54.8,4.1,22.38,40.9,8.4,Sample,,,
4/1/2020 16:13,-3.3,58.9,5.3,22.33,41,8.4,Sample,,,
4/1/2020 16:14,-2.8,59,5.1,22.31,41.3,8.5,Sample,,,
4/1/2020 16:15,0.5,57,5.4,22.3,41.5,8.6,Sample,,,
4/1/2020 16:16,4.9,53.1,6.3,22.34,41.3,8.5,Sample,,,
4/1/2020 16:17,-0.6,58.8,6.7,22.4,41.3,8.6,Sample,,,
4/1/2020 16:18,-0.1,59.7,6.2,22.39,41.5,8.7,Sample,,,
4/1/2020 16:19,-4.2,63.7,6.4,22.28,40.9,8.3,Sample,,,
4/1/2020 16:20,2.7,58.3,5.8,22.23,41.4,8.5,Sample,,,
4/1/2020 16:21,2.9,58.6,5.2,22.24,41.4,8.5,Sample,,,
4/1/2020 16:22,6.5,54.8,4.8,22.32,41.9,8.8,Sample,,,
4/1/2020 16:23,3,57.5,5,22.38,42,8.8,Sample,,,
4/1/2020 16:24,8.7,51.2,4.9,22.4,41.9,8.8,Sample,,,
4/1/2020 16:25,10.8,48.6,4.9,22.44,41.8,8.8,Sample,,,
4/1/2020 16:26,3,55.4,5.3,22.41,41.2,8.6,Sample,,,
4/1/2020 16:27,1.7,56.1,4.9,22.41,41.2,8.6,Sample,,,
4/1/2020 16:28,3.9,53.9,4.7,22.44,41.5,8.7,Sample,,,
4/1/2020 16:29,4.1,53.4,4.8,22.5,41.3,8.7,Sample,,,
4/1/2020 16:30,2.4,55.4,5.1,22.5,41.4,8.7,Sample,,,
4/1/2020 16:31,2.6,55.2,4.9,22.42,41.1,8.6,Sample,,,
4/1/2020 16:32,0.6,56.6,5.4,22.34,40.5,8.3,Sample,,,
4/1/2020 16:33,-2.7,59.9,5.5,22.14,40.8,8.2,Sample,,,
4/1/2020 16:34,-0.3,58.7,5.2,22.02,41.2,8.2,Sample,,,
4/1/2020 16:35,4.6,55.9,4.9,22.06,42.3,8.7,Sample,,,
4/1/2020 16:36,4.6,57.7,5.3,22.12,42.6,8.8,Sample,,,
4/1/2020 16:37,4.7,58.2,5.5,22.12,41.8,8.5,Sample,,,
4/1/2020 16:38,5.2,57.1,5.7,22.15,42.5,8.8,Sample,,,
4/1/2020 16:39,5,56,5.3,22.1,41.7,8.5,Sample,,,
4/1/2020 16:40,8.7,51,5.3,22.13,42.1,8.7,Sample,,,
4/1/2020 16:41,11.6,48.5,5.2,22.23,42.9,9,Sample,,,
4/1/2020 16:42,4.3,55,5.1,22.22,41.9,8.6,Sample,,,
4/1/2020 16:43,-1.1,59.8,5,22.04,41.4,8.3,Sample,,,
4/1/2020 16:44,3.6,56.4,4.9,22.02,42.3,8.6,Sample,,,
4/1/2020 16:45,9,52,5.1,22.08,42.8,8.8,Sample,,,
4/1/2020 16:46,8.6,51,5.3,22.15,42.4,8.8,Sample,,,
4/1/2020 16:47,9,49.3,5.2,22.2,42.5,8.8,Sample,,,
4/1/2020 16:48,5.5,51.7,4.9,22.2,42,8.7,Sample,,,
4/1/2020 16:49,4.4,52.6,4.5,22.16,41.9,8.6,Sample,,,
4/1/2020 16:50,0.6,55.9,3.8,21.99,41,8.1,Sample,,,
4/1/2020 16:51,1.2,55.1,3.7,21.86,41.8,8.3,Sample,,,
4/1/2020 16:52,1.1,56.1,4.1,21.8,42.3,8.4,Sample,,,
4/1/2020 16:53,7.7,50.6,4.3,21.79,42.8,8.6,Sample,,,
4/1/2020 16:54,5.9,51.5,4.2,21.84,42.9,8.7,Sample,,,
4/1/2020 16:55,0.3,56.1,4.3,21.83,42.5,8.5,Sample,,,
4/1/2020 16:56,0.7,56.4,4.4,21.79,42.8,8.6,Sample,,,
4/1/2020 16:57,3.5,53.8,3.9,21.8,42.9,8.6,Sample,,,
4/1/2020 16:58,4.4,51.8,3.8,21.83,42.8,8.6,Sample,,,
4/1/2020 16:59,5.8,50.1,3.9,21.9,43,8.7,Sample,,,
4/1/2020 17:00,3.4,51.7,3.6,21.9,42.8,8.7,Sample,,,
4/1/2020 17:01,7.4,46.9,4,21.92,42.9,8.7,Sample,,,
4/1/2020 17:02,7.8,45.8,3.6,21.98,42.6,8.7,Sample,,,
4/1/2020 17:03,0.9,52,3.4,21.94,42.2,8.5,Sample,,,
4/1/2020 17:04,2.7,50.4,3.4,21.98,43,8.8,Sample,,,
4/1/2020 17:05,5.4,47.9,4.3,22,43,8.8,Sample,,,
4/1/2020 17:06,1.2,51.8,4.2,21.99,42.9,8.8,Sample,,,
4/1/2020 17:07,4.5,49.4,4.3,21.94,43,8.8,Sample,,,
4/1/2020 17:08,4.2,50,4.6,21.98,43,8.8,Sample,,,
4/1/2020 17:09,5.6,48.2,4.8,22,43.1,8.9,Sample,,,
4/1/2020 17:10,5.2,48,4.5,22.05,43.1,8.9,Sample,,,
4/1/2020 17:11,1.7,51.3,4.4,22,42.9,8.8,Sample,,,
4/1/2020 17:12,0.6,52.9,4.9,21.92,42.9,8.8,Sample,,,
4/1/2020 17:13,0.2,53.8,4.9,21.77,42.6,8.5,Sample,,,
4/1/2020 17:14,0.6,54.4,5.2,21.69,42.8,8.5,Sample,,,
4/1/2020 17:15,6,50.5,5.6,21.7,43.1,8.6,Sample,,,
4/1/2020 17:16,6.5,50.6,5.6,21.69,43.2,8.6,Sample,,,
4/1/2020 17:17,10.3,47.1,5.2,21.7,43.7,8.8,Sample,,,
4/1/2020 17:18,5.6,50.9,5,21.7,43,8.6,Sample,,,
4/1/2020 17:19,5.2,50.8,5.2,21.7,43.5,8.7,Sample,,,
4/1/2020 17:20,4.8,51.2,5.5,21.62,43.4,8.6,Sample,,,
4/1/2020 17:21,4,51.1,5.3,21.54,43.6,8.6,Sample,,,
4/1/2020 17:22,4.9,50.2,5.3,21.5,44,8.7,Sample,,,
4/1/2020 17:23,5.3,49.8,4.9,21.5,43.8,8.6,Sample,,,
4/1/2020 17:24,4,50.1,4.1,21.49,42.9,8.3,Sample,,,
4/1/2020 17:25,4.3,49.5,3.7,21.42,43.1,8.4,Sample,,,
4/1/2020 17:26,3.9,49,3.8,21.4,43.2,8.4,Sample,,,
4/1/2020 17:27,5.2,47.3,3.7,21.4,43.5,8.5,Sample,,,
4/1/2020 17:28,3.1,48.9,3.7,21.39,43,8.3,Sample,,,
4/1/2020 17:29,1.2,49.7,3.2,21.33,42.6,8.1,Sample,,,
4/1/2020 17:30,1.9,49.1,3,21.21,42.5,8,Sample,,,
4/1/2020 17:31,1.8,49.9,3,21.18,42.6,8,Sample,,,
4/1/2020 17:32,3.7,48.8,3,21.18,42.8,8,Sample,,,
4/1/2020 17:33,4.9,48.9,3.1,21.2,43,8.1,Sample,,,
4/1/2020 17:34,5.6,48.2,3,21.2,42.8,8,Sample,,,
4/1/2020 17:35,6.6,46.9,2.9,21.2,43.4,8.2,Sample,,,
4/1/2020 17:36,4.6,48.6,3.1,21.11,42.5,7.8,Sample,,,
4/1/2020 17:37,5.8,47.5,3.1,21.04,43.6,8.2,Sample,,,
4/1/2020 17:38,4.1,49.2,3.2,21,43.4,8.1,Sample,,,
4/1/2020 17:39,5,48.2,3,21,43.9,8.3,Sample,,,
4/1/2020 17:40,6.6,46.3,3.4,21,44.2,8.3,Sample,,,
4/1/2020 17:41,4.8,47,3.4,21,44.5,8.4,Sample,,,
4/1/2020 17:42,2.8,48.3,3.3,20.98,44.1,8.3,Sample,,,
4/1/2020 17:43,1.4,49.7,3.3,20.9,44.2,8.2,Sample,,,
4/1/2020 17:44,5.6,46.1,3.6,20.88,44.9,8.5,Sample,,,
4/1/2020 17:45,6,45.8,3.3,20.81,45,8.4,Sample,,,
4/1/2020 17:46,4.3,46.9,3.2,20.75,44.9,8.3,Sample,,,
4/1/2020 17:47,2.2,48.9,3.5,20.67,44.6,8.2,Sample,,,
4/1/2020 17:48,0.7,51.1,3.6,20.53,44.8,8.1,Sample,,,
4/1/2020 17:49,2.6,50.2,3.3,20.41,45.1,8.1,Sample,,,
4/1/2020 17:50,3.5,50.6,3.2,20.41,45.2,8.1,Sample,,,
4/1/2020 17:51,4.3,49.9,3.1,20.38,45.3,8.1,Sample,,,
4/1/2020 17:52,4.8,49,3.3,20.33,45.7,8.2,Sample,,,
4/1/2020 17:53,8.1,45.9,3.6,20.33,46.2,8.4,Sample,,,
4/1/2020 17:54,5.8,47.4,3.5,20.33,46.5,8.5,Sample,,,
4/1/2020 17:55,3.1,49.4,3.5,20.31,46.8,8.6,Sample,,,
4/1/2020 17:56,3.6,48.7,3.6,20.3,46.6,8.5,Sample,,,
4/1/2020 17:57,5.5,47.1,3.4,20.3,47,8.6,Sample,,,
4/1/2020 17:58,5.7,46.7,3.2,20.3,47.1,8.6,Sample,,,
4/1/2020 17:59,5,47,3.2,20.3,46.5,8.5,Sample,,,
4/1/2020 18:00,5.5,46.2,3.3,20.28,46.8,8.5,Sample,,,
4/1/2020 18:01,6.7,45.3,3.4,20.2,46.8,8.5,Sample,,,
4/1/2020 18:02,3.8,47.4,3.3,20.2,46.8,8.5,Sample,,,
4/1/2020 18:03,5.7,45.3,3.3,20.2,47.1,8.5,Sample,,,
4/1/2020 18:04,4.3,46.5,3.3,20.12,46.7,8.4,Sample,,,
4/1/2020 18:05,1.7,49.2,3.4,20.07,46.8,8.3,Sample,,,
4/1/2020 18:06,3.7,47.6,3.2,20,47.2,8.4,Sample,,,
4/1/2020 18:07,6.4,44.7,3.1,20.01,47.5,8.5,Sample,,,
4/1/2020 18:08,51,3.6,3.2,20.03,47.8,8.6,Sample,,,
4/1/2020 18:09,54.1,0,3.5,20.07,47.8,8.6,Sample,,,
4/1/2020 18:10,9.5,40.1,3.3,19.99,47.7,8.5,Sample,,,
4/1/2020 18:11,-5.3,53.8,3.5,19.9,47.5,8.4,Sample,,,
4/1/2020 18:12,1.2,48.4,3.6,19.83,48,8.5,Sample,,,
4/1/2020 18:13,4.6,45.1,3.5,19.81,48.3,8.6,Sample,,,
4/1/2020 18:14,3.3,45.7,3.3,19.83,48.2,8.6,Sample,,,
4/1/2020 18:15,6.7,41.8,3.2,19.83,48.3,8.6,Sample,,,
4/1/2020 18:16,5.9,41.6,3.2,19.82,48.4,8.6,Sample,,,
4/1/2020 18:17,1.7,45.3,3.3,19.77,48,8.4,Sample,,,
4/1/2020 18:18,1.6,45.3,3.2,19.7,48.4,8.5,Sample,,,
4/1/2020 18:19,5.1,41.5,3.1,19.68,49,8.7,Sample,,,
4/1/2020 18:20,3.5,43.1,3.2,19.67,49,8.6,Sample,,,
4/1/2020 18:21,1.5,44.9,3.2,19.62,48.9,8.6,Sample,,,
4/1/2020 18:22,4,42.9,3.5,19.6,49.1,8.6,Sample,,,
4/1/2020 18:23,4,43.5,3.5,19.52,49.2,8.6,Sample,,,
4/1/2020 18:24,1.8,45.6,3.4,19.48,49.5,8.6,Sample,,,
4/1/2020 18:25,2.5,44.6,3.5,19.45,49.9,8.7,Sample,,,
4/1/2020 18:26,3.9,43.1,3.4,19.38,49.9,8.7,Sample,,,
4/1/2020 18:27,5.4,41.6,3.6,19.33,50.4,8.8,Sample,,,
4/1/2020 18:28,5.9,41.1,3.3,19.3,50.8,8.8,Sample,,,
4/1/2020 18:29,3.2,43.4,3.2,19.25,50.6,8.7,Sample,,,
4/1/2020 18:30,2.6,43.9,3.2,19.17,50.7,8.7,Sample,,,
4/1/2020 18:31,2.9,43.7,3.3,19.09,51.2,8.8,Sample,,,
4/1/2020 18:32,2.5,44.4,3.3,19,51.5,8.8,Sample,,,
4/1/2020 18:33,4,42.9,3.3,18.92,51.5,8.7,Sample,,,
4/1/2020 18:34,4.9,41.6,3.2,18.9,52.2,8.9,Sample,,,
4/1/2020 18:35,3.7,42.9,3.1,18.82,52.3,8.8,Sample,,,
4/1/2020 18:36,2.8,43.6,3.3,18.74,52.7,8.9,Sample,,,
4/1/2020 18:37,5.2,41,3.3,18.7,52.7,8.8,Sample,,,
4/1/2020 18:38,5,40.8,3.3,18.7,52.7,8.8,Sample,,,
4/1/2020 18:39,4.1,41.7,3.2,18.67,52.7,8.8,Sample,,,
4/1/2020 18:40,1.9,44.1,3.4,18.55,52.6,8.7,Sample,,,
4/1/2020 18:41,1.4,44.6,3.2,18.5,52.8,8.7,Sample,,,
4/1/2020 18:42,3.5,42.7,3.5,18.46,53.4,8.8,Sample,,,
4/1/2020 18:43,7.4,39,3.6,18.4,53.8,8.9,Sample,,,
4/1/2020 18:44,4.7,41.6,3.6,18.4,53.5,8.8,Sample,,,
4/1/2020 18:45,2,43.9,3.4,18.31,53.5,8.7,Sample,,,
4/1/2020 18:46,3.7,41.9,3.4,18.3,54,8.8,Sample,,,
4/1/2020 18:47,3,42.2,3,18.25,54,8.8,Sample,,,
4/1/2020 18:48,1.7,42.3,3.2,18.2,54,8.7,Sample,,,
4/1/2020 18:49,3.1,40.8,3.4,18.19,54.1,8.8,Sample,,,
4/1/2020 18:50,3.1,40.8,3,18.14,54.3,8.7,Sample,,,
4/1/2020 18:51,2.7,41.3,3.2,18.1,54.5,8.8,Sample,,,
4/1/2020 18:52,1.7,42.7,3.7,18.06,54.3,8.7,Sample,,,
4/1/2020 18:53,2,42.3,3.6,18,54.5,8.7,Sample,,,
4/1/2020 18:54,2.6,41.4,3.2,18,54.8,8.8,Sample,,,
4/1/2020 18:55,2,41.6,3.1,17.94,55,8.8,Sample,,,
4/1/2020 18:56,6.2,37.2,3.2,17.91,55,8.7,Sample,,,
4/1/2020 18:57,5.8,37.1,3,17.94,55.1,8.8,Sample,,,
4/1/2020 18:58,5.3,37.1,3,17.95,55.2,8.8,Sample,,,
4/1/2020 18:59,-0.5,42.4,3.2,17.9,55.1,8.7,Sample,,,
4/1/2020 19:00,0.6,41.6,3.6,17.83,55.3,8.8,Sample,,,
4/1/2020 19:01,4.2,38.7,3.6,17.78,55.7,8.8,Sample,,,
4/1/2020 19:02,0.8,42,3.5,17.7,55.5,8.7,Sample,,,
4/1/2020 19:03,2.6,40.3,3.4,17.63,55.8,8.7,Sample,,,
4/1/2020 19:04,6.8,36.1,3.3,17.6,56.1,8.8,Sample,,,
4/1/2020 19:05,4.5,37.5,3.1,17.61,56.3,8.8,Sample,,,
4/1/2020 19:06,0.4,41.2,2.9,17.6,55.8,8.7,Sample,,,
4/1/2020 19:07,-0.7,42.4,4,17.52,55.9,8.6,Sample,,,
4/1/2020 19:08,9.2,33.7,4.3,17.5,56,8.6,Sample,,,
4/1/2020 19:09,7.3,36.5,4.8,17.41,55.9,8.5,Sample,,,
4/1/2020 19:10,3,41.1,4.7,17.38,56,8.5,Sample,,,
4/1/2020 19:11,-0.4,44,4.8,17.33,55.9,8.4,Sample,,,
4/1/2020 19:12,3,41,4.3,17.3,56.5,8.6,Sample,,,
4/1/2020 19:13,3.8,40.3,3.4,17.3,56.7,8.6,Sample,,,
4/1/2020 19:14,2.3,41.8,4,17.28,56.8,8.6,Sample,,,
4/1/2020 19:15,2.8,42.4,4,17.19,56.7,8.5,Sample,,,
4/1/2020 19:16,2.3,43,3.1,17.16,57.1,8.6,Sample,,,
4/1/2020 19:17,2,42.8,3.1,17.12,57.4,8.6,Sample,,,
4/1/2020 19:18,2.6,41.6,3.2,17.1,57.6,8.7,Sample,,,
4/1/2020 19:19,2.5,41.3,2.9,17.1,57.9,8.7,Sample,,,
4/1/2020 19:20,2.2,41.3,3.3,17.05,58.1,8.7,Sample,,,
4/1/2020 19:21,3.3,40.2,3.2,17.01,58.3,8.7,Sample,,,
4/1/2020 19:22,2.2,41.1,3.3,17,58.5,8.8,Sample,,,
4/1/2020 19:23,3,40.1,3.2,16.97,59,8.9,Sample,,,
4/1/2020 19:24,1.9,41.6,3.5,16.91,59.2,8.9,Sample,,,
4/1/2020 19:25,5.9,37.4,3.2,16.9,59.5,8.9,Sample,,,
4/1/2020 19:26,7.5,35.3,3.6,16.9,59.5,9,Sample,,,
4/1/2020 19:27,5.1,36.5,3.4,16.9,59.7,9,Sample,,,
4/1/2020 19:28,5.1,36.9,3.5,16.88,59.8,9,Sample,,,
4/1/2020 19:29,3.3,38.5,3.5,16.83,60.2,9.1,Sample,,,
4/1/2020 19:30,2.1,39.4,3.4,16.8,60.4,9.1,Sample,,,
4/1/2020 19:31,3.6,39,3.5,16.78,60.8,9.2,Sample,,,
4/1/2020 19:32,3.5,38.6,3.3,16.73,61,9.2,Sample,,,
4/1/2020 19:33,3.8,38.5,3.3,16.7,61.3,9.2,Sample,,,
4/1/2020 19:34,3.7,38.8,3.6,16.69,61.6,9.3,Sample,,,
4/1/2020 19:35,4.5,37.8,3.7,16.68,62,9.4,Sample,,,
4/1/2020 19:36,5.5,36.5,3.6,16.63,62.4,9.4,Sample,,,
4/1/2020 19:37,5.6,36.5,3.4,16.61,62.5,9.4,Sample,,,
4/1/2020 19:38,3.7,37.6,3.4,16.58,62.4,9.4,Sample,,,
4/1/2020 19:39,4.5,35.8,3.4,16.58,62.4,9.4,Sample,,,
4/1/2020 19:40,3.6,37.3,3.4,16.53,62.4,9.3,Sample,,,
4/1/2020 19:41,3.3,38.9,3.4,16.48,62.5,9.3,Sample,,,
4/1/2020 19:42,5,37,3.2,16.4,63,9.3,Sample,,,
4/1/2020 19:43,5,35.4,3.4,16.4,63.5,9.5,Sample,,,
4/1/2020 19:44,2.6,37.7,3.9,16.37,63.8,9.5,Sample,,,
4/1/2020 19:45,1.8,38.6,3.9,16.3,64,9.5,Sample,,,
4/1/2020 19:46,4.5,36.4,3.6,16.3,64.4,9.6,Sample,,,
4/1/2020 19:47,6.1,34.2,3.7,16.26,64.5,9.6,Sample,,,
4/1/2020 19:48,6.9,31.7,4,16.21,64.5,9.5,Sample,,,
4/1/2020 19:49,6.3,32.4,3.7,16.22,64.9,9.6,Sample,,,
4/1/2020 19:50,4.6,34.3,3.9,16.2,65.2,9.7,Sample,,,
4/1/2020 19:51,4,33.5,3.8,16.2,65.4,9.7,Sample,,,
4/1/2020 19:52,4,33.4,3.9,16.2,65.5,9.7,Sample,,,
4/1/2020 19:53,4.9,31.9,3.8,16.19,65.6,9.7,Sample,,,
4/1/2020 19:54,4.9,31.4,3.6,16.19,65.8,9.8,Sample,,,
4/1/2020 19:55,3.3,32.6,3.6,16.17,65.8,9.8,Sample,,,
4/1/2020 19:56,4.4,29.5,3.7,16.13,65.9,9.8,Sample,,,
4/1/2020 19:57,2.6,30.8,3.6,16.14,66.1,9.8,Sample,,,
4/1/2020 19:58,4.6,29.2,3.5,16.11,66.1,9.8,Sample,,,
4/1/2020 19:59,3.3,31.1,3.5,16.11,66.4,9.8,Sample,,,
4/1/2020 20:00,0.1,34.6,3.9,16.02,66.7,9.8,Sample,,,
4/1/2020 20:01,3.3,31.9,3.8,16,66.9,9.8,Sample,,,
4/1/2020 20:02,6.8,29.1,3.8,16,67.3,9.9,Sample,,,
4/1/2020 20:03,4,30.9,3.8,15.99,67.5,10,Sample,,,
4/1/2020 20:04,3,31.2,3.7,15.99,67.5,10,Sample,,,
4/1/2020 20:05,3.6,30.6,4,15.94,67.7,10,Sample,,,
4/1/2020 20:06,3.4,30.8,4.1,15.9,67.8,9.9,Sample,,,
4/1/2020 20:07,2,32.7,3.8,15.9,68.1,10,Sample,,,
4/1/2020 20:08,2.8,32.1,4,15.82,68.4,10,Sample,,,
4/1/2020 20:09,10.1,25.8,3.9,15.8,68.5,10,Sample,,,
4/1/2020 20:10,10,26,3.6,15.8,68.7,10.1,Sample,,,
4/1/2020 20:11,6.5,29.3,3.7,15.79,68.9,10.1,Sample,,,
4/1/2020 20:12,4.2,31.7,4,15.73,69.1,10.1,Sample,,,
4/1/2020 20:13,3.4,31.3,4.1,15.7,69.2,10.1,Sample,,,
4/1/2020 20:14,4.2,31.2,3.8,15.7,69.5,10.1,Sample,,,
4/1/2020 20:15,5.5,29.5,4,15.66,69.3,10,Sample,,,
4/1/2020 20:16,7,26.8,3.8,15.65,69.3,10,Sample,,,
4/1/2020 20:17,6.8,26,3.6,15.7,69.3,10.1,Sample,,,
4/1/2020 20:18,5.3,28.3,3.8,15.68,69.5,10.1,Sample,,,
4/1/2020 20:19,4.4,29.2,3.9,15.62,69.5,10.1,Sample,,,
4/1/2020 20:20,2.8,29.2,3.9,15.6,69.8,10.1,Sample,,,
4/1/2020 20:21,3.1,27.8,3.7,15.6,69.6,10.1,Sample,,,
4/1/2020 20:22,4.4,28.1,3.8,15.6,69.6,10.1,Sample,,,
4/1/2020 20:23,2.2,30.7,3.5,15.57,69.7,10,Sample,,,
4/1/2020 20:24,0.8,32.4,3.9,15.51,69.7,10,Sample,,,
4/1/2020 20:25,1.7,32.2,3.9,15.47,69.7,10,Sample,,,
4/1/2020 20:26,3.9,30.6,4,15.41,69.8,9.9,Sample,,,
4/1/2020 20:27,3.8,31.1,3.9,15.4,70.1,10,Sample,,,
4/1/2020 20:28,3.1,32.3,3.7,15.34,70.4,10,Sample,,,
4/1/2020 20:29,3.5,31.7,3.9,15.3,70.3,9.9,Sample,,,
4/1/2020 20:30,4.8,29.6,3.9,15.22,70.4,9.9,Sample,,,
4/1/2020 20:31,2.9,31.4,4.1,15.2,70.6,9.9,Sample,,,
4/1/2020 20:32,4.9,29.1,4,15.2,70.6,9.9,Sample,,,
4/1/2020 20:33,4.7,28.6,3.9,15.2,70.6,9.9,Sample,,,
4/1/2020 20:34,4,28.3,3.9,15.2,70.4,9.9,Sample,,,
4/1/2020 20:35,6.1,26.7,5.7,15.23,70.4,9.9,Sample,,,
4/1/2020 20:36,10.5,24.5,8.8,15.3,70.4,9.9,Sample,,,
4/1/2020 20:37,10.3,24.6,5.4,15.29,70.3,9.9,Sample,,,
4/1/2020 20:38,7.6,25.1,3.9,15.26,70,9.8,Sample,,,
4/1/2020 20:39,7.9,23.7,4.8,15.23,70,9.8,Sample,,,
4/1/2020 20:40,6.7,26,4.5,15.3,69.9,9.8,Sample,,,
4/1/2020 20:41,6.3,26.7,5,15.3,69.8,9.8,Sample,,,
4/1/2020 20:42,11.8,21.1,6,15.3,69.8,9.8,Sample,,,
4/1/2020 20:43,11.5,23.2,4.5,15.24,70,9.8,Sample,,,
4/1/2020 20:44,7.7,26.7,4.9,15.19,70.1,9.8,Sample,,,
4/1/2020 20:45,8.5,24.3,4.6,15.15,70.3,9.8,Sample,,,
4/1/2020 20:46,6.2,26.1,5.1,15.1,70.3,9.7,Sample,,,
4/1/2020 20:47,8.3,25.7,6.3,15.1,70.4,9.8,Sample,,,
4/1/2020 20:48,8.6,25.4,6.8,15.1,70.7,9.8,Sample,,,
4/1/2020 20:49,8,26,5.6,15.1,70.9,9.9,Sample,,,
4/1/2020 20:50,5.7,28.5,5.6,15.01,70.8,9.7,Sample,,,
4/1/2020 20:51,1.7,32.1,6.1,15,70.9,9.8,Sample,,,
4/1/2020 20:52,14,21.3,4.7,14.9,71.1,9.7,Sample,,,
4/1/2020 20:53,14.8,20.3,8.8,14.9,71.5,9.8,Sample,,,
4/1/2020 20:54,4.9,29.1,4.9,14.9,71.5,9.8,Sample,,,
4/1/2020 20:55,1.6,32.4,4.1,14.82,71.5,9.7,Sample,,,
4/1/2020 20:56,4.4,29.5,4.2,14.8,71.5,9.7,Sample,,,
4/1/2020 20:57,3.4,30.6,4.1,14.8,71.7,9.7,Sample,,,
4/1/2020 20:58,2,32.3,4.3,14.77,71.9,9.7,Sample,,,
4/1/2020 20:59,2.7,31,4,14.7,72.2,9.7,Sample,,,
4/1/2020 21:00,4.5,28.3,4,14.7,72.2,9.7,Sample,,,
4/1/2020 21:01,5.3,27.8,4,14.7,72.4,9.8,Sample,,,
4/1/2020 21:02,5.3,28,4.3,14.7,72.4,9.8,Sample,,,
4/1/2020 21:03,4.3,27.8,4,14.7,72.6,9.8,Sample,,,
4/1/2020 21:04,3.9,27.6,3.8,14.7,72.7,9.8,Sample,,,
4/1/2020 21:05,2.1,30.1,4.1,14.7,72.7,9.8,Sample,,,
4/1/2020 21:06,1.4,31.4,4,14.7,72.7,9.9,Sample,,,
4/1/2020 21:07,3.5,30.4,4,14.66,73,9.9,Sample,,,
4/1/2020 21:08,3.6,30.1,4,14.6,73.1,9.8,Sample,,,
4/1/2020 21:09,3.6,30.2,3.9,14.6,73.4,9.9,Sample,,,
4/1/2020 21:10,3,30.7,3.9,14.6,73.5,9.9,Sample,,,
4/1/2020 21:11,6.7,27.6,4.1,14.57,73.7,9.9,Sample,,,
4/1/2020 21:12,7.7,26.4,4,14.51,73.9,9.9,Sample,,,
4/1/2020 21:13,4.1,29.5,4,14.5,74,9.9,Sample,,,
4/1/2020 21:14,4,30,4.3,14.5,74.1,9.9,Sample,,,
4/1/2020 21:15,4.1,28.9,4.2,14.5,74.1,9.9,Sample,,,
4/1/2020 21:16,2,29.3,4.1,14.5,74,9.9,Sample,,,
4/1/2020 21:17,4.7,26.5,4.1,14.5,74.1,9.9,Sample,,,
4/1/2020 21:18,4.4,27.4,3.9,14.5,74,9.9,Sample,,,
4/1/2020 21:19,3.7,27.9,3.9,14.5,74,9.9,Sample,,,
4/1/2020 21:20,3.9,27,3.9,14.5,73.9,9.9,Sample,,,
4/1/2020 21:21,4.1,26,3.8,14.5,73.8,9.9,Sample,,,
4/1/2020 21:22,2.7,25.8,4.2,14.52,73.8,9.9,Sample,,,
4/1/2020 21:23,3.5,25,3.9,14.51,73.8,9.9,Sample,,,
4/1/2020 21:24,5.8,23.8,4,14.5,73.8,9.9,Sample,,,
4/1/2020 21:25,7,22.4,3.7,14.51,73.7,9.9,Sample,,,
4/1/2020 21:26,5.7,24.2,4.1,14.51,73.8,9.9,Sample,,,
4/1/2020 21:27,3.5,27,4.3,14.5,73.7,9.9,Sample,,,
4/1/2020 21:28,1.9,27.6,4.1,14.48,73.8,9.9,Sample,,,
4/1/2020 21:29,2.4,27.4,4.1,14.5,73.9,9.9,Sample,,,
4/1/2020 21:30,1.4,27.4,4.2,14.45,73.8,9.8,Sample,,,
4/1/2020 21:31,1.2,27.6,3.8,14.4,73.8,9.8,Sample,,,
4/1/2020 21:32,0.3,29.2,3.7,14.4,73.6,9.7,Sample,,,
4/1/2020 21:33,0.8,29,3.9,14.38,73.6,9.7,Sample,,,
4/1/2020 21:34,1.7,28.9,3.8,14.33,73.6,9.7,Sample,,,
4/1/2020 21:35,1.9,28.3,3.7,14.3,73.4,9.6,Sample,,,
4/1/2020 21:36,3.2,27.2,3.7,14.3,73.6,9.6,Sample,,,
4/1/2020 21:37,2.5,28.4,3.8,14.29,73.6,9.6,Sample,,,
4/1/2020 21:38,2.8,27.7,3.7,14.23,73.5,9.6,Sample,,,
4/1/2020 21:39,5.4,25.4,3.8,14.21,73.6,9.6,Sample,,,
4/1/2020 21:40,2.5,28.6,3.8,14.2,73.7,9.6,Sample,,,
4/1/2020 21:41,1,30.2,3.9,14.2,73.8,9.6,Sample,,,
4/1/2020 21:42,2.5,28.5,4,14.2,73.8,9.6,Sample,,,
4/1/2020 21:43,1.7,28.1,4.1,14.2,73.9,9.6,Sample,,,
4/1/2020 21:44,0.7,29,4,14.2,74.1,9.6,Sample,,,
4/1/2020 21:45,0.9,30.1,3.9,14.15,74.2,9.6,Sample,,,
4/1/2020 21:46,2,29.1,3.7,14.1,74.4,9.6,Sample,,,
4/1/2020 21:47,3.6,27.5,4.1,14.1,74.7,9.7,Sample,,,
4/1/2020 21:48,3.9,28.9,3.9,14.1,75,9.7,Sample,,,
4/1/2020 21:49,5.1,28.2,3.7,14.1,75.2,9.8,Sample,,,
4/1/2020 21:50,4.3,28.3,4,14.06,75.5,9.8,Sample,,,
4/1/2020 21:51,3.1,28.7,4,14,75.5,9.7,Sample,,,
4/1/2020 21:52,3.6,28.7,4,14,75.7,9.8,Sample,,,
4/1/2020 21:53,4.1,28.1,4,14,75.8,9.8,Sample,,,
4/1/2020 21:54,4.4,26.9,4,14,75.9,9.8,Sample,,,
4/1/2020 21:55,4.6,27.5,4.1,13.98,75.9,9.8,Sample,,,
4/1/2020 21:56,4.4,27.9,3.8,13.9,76.1,9.8,Sample,,,
4/1/2020 21:57,5,28.9,4,13.9,76.8,9.9,Sample,,,
4/1/2020 21:58,4.9,30.1,4.3,13.8,77.3,9.9,Sample,,,
4/1/2020 21:59,5.6,30.1,4.3,13.79,77.7,10,Sample,,,
4/1/2020 22:00,5.5,29.4,4.5,13.73,78.2,10,Sample,,,
4/1/2020 22:01,3.7,29.2,4.7,13.71,78.6,10.1,Sample,,,
4/1/2020 22:02,3.3,28.2,4.9,13.7,78.7,10.1,Sample,,,
4/1/2020 22:03,2.8,28.3,4.8,13.7,79,10.1,Sample,,,
4/1/2020 22:04,2.6,27.8,4.8,13.7,79.1,10.1,Sample,,,
4/1/2020 22:05,3.3,26.1,4.5,13.7,79.2,10.2,Sample,,,
4/1/2020 22:06,3.8,24.7,4.6,13.71,79.1,10.1,Sample,,,
4/1/2020 22:07,2.2,26.3,4.8,13.71,79.2,10.2,Sample,,,
4/1/2020 22:08,0.2,29.4,4.9,13.7,79.8,10.3,Sample,,,
4/1/2020 22:09,1.7,28.8,4.8,13.69,80.3,10.4,Sample,,,
4/1/2020 22:10,3.6,26.6,5.1,13.68,80.5,10.4,Sample,,,
4/1/2020 22:11,2.2,27.2,5.1,13.63,80.5,10.3,Sample,,,
4/1/2020 22:12,2,28.7,5.3,13.6,80.6,10.3,Sample,,,
4/1/2020 22:13,3.8,27.3,5.2,13.6,80.6,10.3,Sample,,,
4/1/2020 22:14,2.6,28.2,5.3,13.6,80.6,10.3,Sample,,,
4/1/2020 22:15,2.4,29.2,5.1,13.6,80.7,10.3,Sample,,,
4/1/2020 22:16,2.5,29.3,5.3,13.54,80.8,10.3,Sample,,,
4/1/2020 22:17,2.6,28.2,5,13.52,81,10.3,Sample,,,
4/1/2020 22:18,4.2,25,4.9,13.52,80.7,10.3,Sample,,,
4/1/2020 22:19,5,23.3,4.9,13.6,80.6,10.3,Sample,,,
4/1/2020 22:20,2.3,26.2,5.2,13.6,80.7,10.3,Sample,,,
4/1/2020 22:21,1.9,28,5.4,13.6,80.8,10.4,Sample,,,
4/1/2020 22:22,3,28.5,5.3,13.6,81,10.4,Sample,,,
4/1/2020 22:23,3.7,28,5.3,13.6,81.2,10.4,Sample,,,
4/1/2020 22:24,4.6,26.1,5.4,13.6,81.3,10.4,Sample,,,
4/1/2020 22:25,3.9,26.1,5.4,13.6,81.3,10.4,Sample,,,
4/1/2020 22:26,4.4,25.2,5.2,13.6,81.4,10.5,Sample,,,
4/1/2020 22:27,3.4,25.5,5.3,13.6,81.4,10.5,Sample,,,
4/1/2020 22:28,2.9,26.5,5.3,13.6,81.5,10.5,Sample,,,
4/1/2020 22:29,2.9,26.5,5.5,13.6,81.3,10.5,Sample,,,
4/1/2020 22:30,4.8,24.9,5.3,13.65,81.4,10.5,Sample,,,
4/1/2020 22:31,5.2,24.8,5.4,13.68,81.4,10.5,Sample,,,
4/1/2020 22:32,4.6,23.5,5.4,13.68,81.2,10.5,Sample,,,
4/1/2020 22:33,6.6,21.9,5.3,13.69,81,10.5,Sample,,,
4/1/2020 22:34,5.4,23.6,5.4,13.7,80.9,10.5,Sample,,,
4/1/2020 22:35,2.9,25.3,5.3,13.7,80.7,10.4,Sample,,,
4/1/2020 22:36,6.7,23.3,5.5,13.7,80.9,10.5,Sample,,,
4/1/2020 22:37,7.3,22.8,5.1,13.7,80.9,10.5,Sample,,,
4/1/2020 22:38,9.2,21,5.3,13.72,80.8,10.5,Sample,,,
4/1/2020 22:39,6.6,23.5,5.5,13.7,81.1,10.5,Sample,,,
4/1/2020 22:40,5.2,24.1,5.4,13.7,81.4,10.6,Sample,,,
4/1/2020 22:41,6.2,23.6,5.5,13.73,81.3,10.6,Sample,,,
4/1/2020 22:42,6.3,24.7,5.5,13.7,81.5,10.6,Sample,,,
4/1/2020 22:43,6.1,24.9,5.4,13.7,81.6,10.6,Sample,,,
4/1/2020 22:44,5.9,23.9,5.3,13.7,81.6,10.6,Sample,,,
4/1/2020 22:45,4.9,25.1,5.8,13.7,81.8,10.6,Sample,,,
4/1/2020 22:46,4,26.1,5.8,13.7,81.7,10.6,Sample,,,
4/1/2020 22:47,5,25.2,5.6,13.7,81.8,10.6,Sample,,,
4/1/2020 22:48,7.6,24.7,5.8,13.7,81.9,10.7,Sample,,,
4/1/2020 22:49,8.1,24.5,5.6,13.7,82,10.7,Sample,,,
4/1/2020 22:50,6.6,24.7,6,13.7,82,10.7,Sample,,,
4/1/2020 22:51,5.4,25.8,5.8,13.71,81.9,10.7,Sample,,,
4/1/2020 22:52,5.2,25.8,6.1,13.7,81.7,10.6,Sample,,,
4/1/2020 22:53,5.2,23.5,5.7,13.71,81.6,10.6,Sample,,,
4/1/2020 22:54,4.2,23.1,5.7,13.77,81.6,10.7,Sample,,,
4/1/2020 22:55,3.1,23.3,6.1,13.8,81.3,10.6,Sample,,,
4/1/2020 22:56,3.2,23.4,5.8,13.82,81.1,10.6,Sample,,,
4/1/2020 22:57,2,25.9,6.1,13.84,80.9,10.6,Sample,,,
4/1/2020 22:58,2.3,26.3,6.3,13.8,80.7,10.5,Sample,,,
4/1/2020 22:59,3.7,25.7,6.4,13.8,80.9,10.6,Sample,,,
4/1/2020 23:00,2.9,26.4,6.5,13.8,80.9,10.6,Sample,,,
4/1/2020 23:01,1.4,26.7,6.4,13.74,81.1,10.6,Sample,,,
4/1/2020 23:02,2,26.2,6.4,13.73,81.3,10.6,Sample,,,
4/1/2020 23:03,2.4,26,6.4,13.7,81.4,10.6,Sample,,,
4/1/2020 23:04,2.8,25.8,6.1,13.71,81.6,10.6,Sample,,,
4/1/2020 23:05,3.2,26.7,6.4,13.7,81.6,10.6,Sample,,,
4/1/2020 23:06,3.8,26.2,6.1,13.7,81.7,10.6,Sample,,,
4/1/2020 23:07,4.4,25.2,5.9,13.7,81.8,10.6,Sample,,,
4/1/2020 23:08,4,24.8,6,13.7,81.8,10.7,Sample,,,
4/1/2020 23:09,2.5,23.6,6,13.74,81.7,10.7,Sample,,,
4/1/2020 23:10,1.6,23.9,6,13.8,81.7,10.7,Sample,,,
4/1/2020 23:11,2.2,24.5,6.1,13.8,81.6,10.7,Sample,,,
4/1/2020 23:12,4.2,23.2,5.7,13.83,81.3,10.7,Sample,,,
4/1/2020 23:13,3.5,24.7,5.9,13.88,81.4,10.7,Sample,,,
4/1/2020 23:14,4.4,25.6,5.9,13.88,81.2,10.7,Sample,,,
4/1/2020 23:15,6.8,25,6,13.82,81.2,10.7,Sample,,,
4/1/2020 23:16,7.4,24.1,5.7,13.81,81.4,10.7,Sample,,,
4/1/2020 23:17,7.9,23.8,6,13.81,81.3,10.7,Sample,,,
4/1/2020 23:18,7.6,23.6,5.9,13.89,81.3,10.7,Sample,,,
4/1/2020 23:19,6.8,24.2,5.7,13.9,81.4,10.8,Sample,,,
4/1/2020 23:20,7.6,22.5,6,13.9,81.2,10.7,Sample,,,
4/1/2020 23:21,7.1,22,6.1,13.9,81.3,10.7,Sample,,,
4/1/2020 23:22,3.7,26,6.1,13.89,81.2,10.7,Sample,,,
4/1/2020 23:23,6,24.8,6.1,13.9,81.4,10.8,Sample,,,
4/1/2020 23:24,6.5,25.6,6,13.85,81.4,10.7,Sample,,,
4/1/2020 23:25,8,25.9,6.4,13.8,81.5,10.7,Sample,,,
4/1/2020 23:26,8.7,25.3,6.4,13.71,81.6,10.6,Sample,,,
4/1/2020 23:27,9.5,23.9,6.5,13.7,81.9,10.7,Sample,,,
4/1/2020 23:28,9,23.2,6.4,13.7,82.1,10.7,Sample,,,
4/1/2020 23:29,7.6,23.8,6.1,13.73,82,10.7,Sample,,,
4/1/2020 23:30,6.6,24.2,6.3,13.79,82,10.8,Sample,,,
4/1/2020 23:31,5.3,25.8,6.5,13.79,81.8,10.7,Sample,,,
4/1/2020 23:32,5.3,26.6,6.7,13.73,81.8,10.7,Sample,,,
4/1/2020 23:33,4.7,26.4,6.6,13.7,81.8,10.6,Sample,,,
4/1/2020 23:34,4.6,25.9,6.7,13.7,82.1,10.7,Sample,,,
4/1/2020 23:35,5.9,23.4,6.6,13.7,82.2,10.7,Sample,,,
4/1/2020 23:36,4.5,24.7,6.6,13.7,82.1,10.7,Sample,,,
4/1/2020 23:37,3.9,26.3,6.9,13.7,81.9,10.7,Sample,,,
4/1/2020 23:38,4.2,25.4,6.9,13.69,81.9,10.7,Sample,,,
4/1/2020 23:39,6.4,24.5,6.7,13.68,82,10.7,Sample,,,
4/1/2020 23:40,5.7,25.5,6.8,13.66,82.2,10.7,Sample,,,
4/1/2020 23:41,2.7,26.4,6.7,13.62,82.2,10.6,Sample,,,
4/1/2020 23:42,4.4,25.2,6.5,13.68,82.3,10.7,Sample,,,
4/1/2020 23:43,5.1,25.1,7,13.68,82.1,10.7,Sample,,,
4/1/2020 23:44,3.3,25.6,7,13.68,82,10.7,Sample,,,
4/1/2020 23:45,5.6,24.1,7,13.69,82.1,10.7,Sample,,,
4/1/2020 23:46,5.5,24.8,7.3,13.68,82,10.7,Sample,,,
4/1/2020 23:47,5.5,24,7.8,13.7,82,10.7,Sample,,,
4/1/2020 23:48,5.2,24.7,8.2,13.7,81.8,10.6,Sample,,,
4/1/2020 23:49,2.2,26.6,8.2,13.62,81.5,10.5,Sample,,,
4/1/2020 23:50,3.8,24,8.1,13.6,81.6,10.5,Sample,,,
4/1/2020 23:51,6.7,22.3,8.2,13.61,81.7,10.5,Sample,,,
4/1/2020 23:52,4.6,25.4,8.4,13.6,81.5,10.5,Sample,,,
4/1/2020 23:53,3.2,27.3,8.2,13.6,81.5,10.5,Sample,,,
4/1/2020 23:54,4.2,25.9,8.6,13.59,81.8,10.5,Sample,,,
4/1/2020 23:55,4.6,25.8,8.5,13.52,81.8,10.5,Sample,,,
4/1/2020 23:56,5.9,24.8,8.3,13.5,81.9,10.5,Sample,,,
4/1/2020 23:57,6.7,24.1,8.7,13.52,82.1,10.5,Sample,,,
4/1/2020 23:58,6.4,25.3,8.5,13.52,82,10.5,Sample,,,
4/1/2020 23:59,5.4,25.3,8.7,13.51,81.9,10.5,Sample,,,
